t,true_offset_ms,naive_residual_ms,fixed_residual_ms,status
0.0,-200.0,-258.10636506069494,10.728001803688159,acquiring
1.0,-200.04000000000002,-258.0663650606949,9.68773300085582,acquiring
2.0,-200.08,-258.02636506069496,10.405796444979936,acquiring
3.0,-200.12000000000003,-257.98636506069494,9.178653578928692,acquiring
4.0,-200.16,-257.946365060695,8.527275731768647,acquiring
5.0,-200.20000000000002,-257.90636506069495,10.157514906516896,acquiring
6.0,-200.24,-257.86636506069493,11.015627240132996,acquiring
7.0,-200.28,-257.82636506069497,10.707796905036426,synced
8.0,-200.32,-257.78636506069495,10.618010435792163,synced
9.0,-200.36,-257.7463650606949,10.424803330797177,synced
10.0,-200.40000000000003,-257.70636506069496,10.61533030697978,synced
11.0,-200.44,-257.66636506069494,10.45876361379658,synced
12.0,-200.48000000000002,-257.6263650606949,10.497726171790678,synced
13.0,-200.52,-257.586365060695,10.194496841381739,synced
14.0,-200.56,-257.54636506069494,10.14457353779305,synced
15.0,-200.6,-257.506365060695,10.298683851293845,synced
16.0,-200.64000000000001,-257.46636506069495,10.501952087747041,synced
17.0,-200.68000000000004,-257.42636506069493,10.458914228783978,synced
18.0,-200.72,-257.38636506069497,10.468256179324259,synced
19.0,-200.76000000000002,-257.34636506069495,10.63586288885207,synced
20.0,-200.8,-257.30636506069493,10.536403169151443,synced
21.0,-200.84000000000003,-257.26636506069497,10.254680349158606,synced
22.0,-200.88,-257.22636506069495,10.20404951904752,synced
23.0,-200.92000000000002,-257.1863650606949,10.396197861509082,synced
24.0,-200.96,-257.146365060695,10.348728763119263,synced
25.0,-201.0,-257.10636506069494,10.103829075091609,synced
26.0,-201.04000000000002,-257.0663650606949,10.122914160098889,synced
27.0,-201.08,-257.02636506069496,9.981704718745654,synced
28.0,-201.12000000000003,-256.98636506069494,9.859946351928993,synced
29.0,-201.16,-256.946365060695,9.778379092940714,synced
30.0,-201.20000000000002,-256.90636506069495,9.778984377055627,synced
31.0,-201.24,-256.86636506069493,9.77972005011124,synced
32.0,-201.28,-256.82636506069497,9.918334791786387,synced
33.0,-201.32,-256.78636506069495,10.094014900097593,synced
34.0,-201.36,-256.7463650606949,9.923021269194948,synced
35.0,-201.40000000000003,-256.70636506069496,9.963824349331906,synced
36.0,-201.44,-256.66636506069494,9.932438320246927,synced
37.0,-201.48000000000002,-256.6263650606949,9.765262617939557,synced
38.0,-201.52,-256.586365060695,9.834944594271366,synced
39.0,-201.56000000000003,-256.54636506069494,9.857992535976134,synced
40.0,-201.6,-256.506365060695,9.828754290827218,synced
41.0,-201.64000000000001,-256.46636506069495,9.946774348028292,synced
42.0,-201.68,-256.42636506069493,9.811615703696152,synced
43.0,-201.72,-256.38636506069497,9.755799781494574,synced
44.0,-201.76000000000002,-256.34636506069495,9.706018245742214,synced
45.0,-201.8,-256.30636506069493,9.671887459029694,synced
46.0,-201.84000000000003,-256.26636506069497,9.606772318181688,synced
47.0,-201.88,-256.22636506069495,9.583702525763544,synced
48.0,-201.92000000000002,-256.1863650606949,9.568418261428318,synced
49.0,-201.96,-256.146365060695,9.51405895061344,synced
50.0,-202.0,-256.10636506069494,9.551362873644914,synced
51.0,-202.04,-256.066365060695,9.581230190679884,synced
52.0,-202.08,-256.02636506069496,9.613486823705635,synced
53.0,-202.12000000000003,-255.98636506069494,9.553881643517641,synced
54.0,-202.16,-255.94636506069494,9.627693697906171,synced
55.0,-202.20000000000002,-255.90636506069498,9.70037577894159,synced
56.0,-202.24,-255.86636506069493,9.64861107813872,synced
57.0,-202.28000000000003,-255.82636506069494,9.67094164572513,synced
58.0,-202.32,-255.78636506069498,9.729621068439359,synced
59.0,-202.36,-255.74636506069493,9.776586871184767,synced
60.0,-202.40000000000003,-255.70636506069494,9.784969798067007,synced
61.0,-202.44,-255.66636506069494,9.767519529124941,synced
62.0,-202.48000000000002,-255.62636506069492,9.826187391427904,synced
63.0,-202.52,-255.586365060695,9.656425936079488,synced
64.0,-202.56000000000003,-255.54636506069494,9.642421502141257,synced
65.0,-202.6,-255.50636506069497,9.739126718479874,synced
66.0,-202.64000000000001,-255.46636506069498,9.824809850504074,synced
67.0,-202.68,-255.42636506069493,9.812398136919725,synced
68.0,-202.72,-255.38636506069494,9.903828438366958,synced
69.0,-202.76000000000002,-255.34636506069498,9.879377780826315,synced
70.0,-202.8,-255.30636506069493,9.925313426378313,synced
71.0,-202.84000000000003,-255.26636506069494,9.87701904141322,synced
72.0,-202.88,-255.22636506069495,9.956703669730588,synced
73.0,-202.92000000000002,-255.18636506069492,9.918670606430647,synced
74.0,-202.96,-255.146365060695,9.911374731805061,synced
75.0,-203.0,-255.10636506069494,9.95961145810298,synced
76.0,-203.04,-255.06636506069498,9.984719898097405,synced
77.0,-203.08,-255.02636506069499,9.983155526449849,synced
78.0,-203.12000000000003,-254.98636506069494,9.930026640160433,synced
79.0,-203.16,-254.94636506069494,10.021296568432925,synced
80.0,-203.20000000000002,-254.90636506069498,10.037248724727805,synced
81.0,-203.24,-254.86636506069493,9.962281453284067,synced
82.0,-203.28000000000003,-254.82636506069494,9.968780983098558,synced
83.0,-203.32,-254.78636506069498,10.016458789491034,synced
84.0,-203.36,-254.74636506069493,9.997038853057056,synced
85.0,-203.40000000000003,-254.70636506069494,10.069772153610018,synced
86.0,-203.44,-254.66636506069494,10.000159495045235,synced
87.0,-203.48000000000002,-254.62636506069492,9.93551866241152,synced
88.0,-203.52,-254.586365060695,9.913721846023988,synced
89.0,-203.56000000000003,-254.54636506069494,10.017543272462015,synced
90.0,-203.6,-254.50636506069497,10.03761386824642,synced
91.0,-203.64000000000001,-254.46636506069498,10.05814310988895,synced
92.0,-203.68,-254.42636506069493,10.0278385426327,synced
93.0,-203.72,-254.38636506069494,10.138075297444038,synced
94.0,-203.76000000000002,-254.34636506069498,10.147191381393139,synced
95.0,-203.8,-254.30636506069493,10.2205597145551,synced
96.0,-203.84000000000003,-254.26636506069494,10.253621980359673,synced
97.0,-203.88,-254.22636506069495,10.209104740878994,synced
98.0,-203.92000000000002,-254.18636506069492,10.270010860271462,synced
99.0,-203.96,-254.146365060695,10.247695175717691,synced
100.0,-204.00000000000003,-254.10636506069494,10.234746152737785,synced
101.0,-204.04,-254.06636506069498,10.369941757371686,synced
102.0,-204.08,-254.02636506069499,10.298974440829417,synced
103.0,-204.12000000000003,-253.98636506069494,10.338056436359238,synced
104.0,-204.16,-253.94636506069494,10.233937742151088,synced
105.0,-204.20000000000002,-253.90636506069498,10.243335324797819,synced
106.0,-204.24,-253.86636506069493,10.220001840150122,synced
107.0,-204.28000000000003,-253.82636506069494,10.289874945400513,synced
108.0,-204.32,-253.78636506069498,10.218946984296402,synced
109.0,-204.36,-253.74636506069493,10.149695353321636,synced
110.0,-204.4,-253.706365060695,10.158151991130959,synced
111.0,-204.44,-253.66636506069494,10.178007286254898,synced
112.0,-204.48000000000002,-253.62636506069492,10.166935688055434,synced
113.0,-204.52,-253.586365060695,10.153733030570017,synced
114.0,-204.56000000000003,-253.54636506069494,10.188872268565769,synced
115.0,-204.6,-253.50636506069495,10.18175042391825,synced
116.0,-204.64000000000001,-253.46636506069498,10.183673719184021,synced
117.0,-204.68,-253.42636506069493,10.218269247614014,synced
118.0,-204.72000000000003,-253.38636506069494,10.231138334041296,synced
119.0,-204.76,-253.34636506069498,10.204558366561118,synced
120.0,-204.8,-253.30636506069493,10.198832847105072,synced
121.0,-204.84000000000003,-253.26636506069494,10.2522043370806,synced
122.0,-204.88,-253.22636506069495,10.314163937667209,synced
123.0,-204.92000000000002,-253.18636506069492,10.24583167503057,synced
124.0,-204.96,-253.146365060695,10.206454290174499,synced
125.0,-205.00000000000003,-253.10636506069494,10.262081768878328,synced
126.0,-205.04,-253.06636506069498,10.248894120543001,synced
127.0,-205.08,-253.02636506069499,10.213035042524188,synced
128.0,-205.12000000000003,-252.98636506069494,10.239493852553071,synced
129.0,-205.16,-252.94636506069494,10.24944294464547,synced
130.0,-205.20000000000002,-252.90636506069498,10.291478609108006,synced
131.0,-205.24,-252.86636506069493,10.211928723888791,synced
132.0,-205.28000000000003,-252.82636506069494,10.214657522539888,synced
133.0,-205.32,-252.78636506069495,10.177380292724386,synced
134.0,-205.36,-252.74636506069493,10.089766048620803,synced
135.0,-205.4,-252.706365060695,10.181465183613014,synced
136.0,-205.44,-252.66636506069494,10.07365886986647,synced
137.0,-205.48000000000002,-252.62636506069492,10.061334140279572,synced
138.0,-205.52,-252.586365060695,9.91758077363658,synced
139.0,-205.56000000000003,-252.54636506069494,9.838424185709044,synced
140.0,-205.6,-252.50636506069495,9.826836009330208,synced
141.0,-205.64000000000001,-252.46636506069498,9.900339307981259,synced
142.0,-205.68,-252.42636506069493,9.882112834272261,synced
143.0,-205.72000000000003,-252.38636506069494,9.929675953043365,synced
144.0,-205.76,-252.34636506069498,9.917571103124189,synced
145.0,-205.8,-252.30636506069493,9.883734601530275,synced
146.0,-205.84000000000003,-252.26636506069494,9.889519098710553,synced
147.0,-205.88,-252.22636506069495,9.795058295293064,synced
148.0,-205.92000000000002,-252.18636506069492,9.76658334064176,synced
149.0,-205.96,-252.146365060695,9.904181248021866,synced
150.0,-206.00000000000003,-252.10636506069494,9.850732919377547,synced
151.0,-206.04,-252.06636506069498,9.878171115748568,synced
152.0,-206.08,-252.02636506069499,9.756511908987742,synced
153.0,-206.12000000000003,-251.98636506069494,9.780962321980475,synced
154.0,-206.16,-251.94636506069494,9.80375865045327,synced
155.0,-206.20000000000002,-251.90636506069498,9.834067981681322,synced
156.0,-206.24,-251.86636506069493,9.894409664917337,synced
157.0,-206.28000000000003,-251.82636506069494,9.828050749388307,synced
158.0,-206.32,-251.78636506069495,9.857830193238936,synced
159.0,-206.36,-251.74636506069493,9.793789536981844,synced
160.0,-206.4,-251.706365060695,9.826073502644029,synced
161.0,-206.44000000000003,-251.66636506069494,9.87258537878874,synced
162.0,-206.48000000000002,-251.62636506069492,9.897108182853803,synced
163.0,-206.52,-251.586365060695,9.944521285241093,synced
164.0,-206.56000000000003,-251.54636506069494,9.903899378337494,synced
165.0,-206.6,-251.50636506069495,9.85965340214079,synced
166.0,-206.64000000000001,-251.46636506069498,9.860778953614757,synced
167.0,-206.68,-251.42636506069493,9.914899354451778,synced
168.0,-206.72000000000003,-251.38636506069494,9.94155590839521,synced
169.0,-206.76,-251.34636506069498,9.996507781120378,synced
170.0,-206.8,-251.30636506069493,10.062088615356707,synced
171.0,-206.84000000000003,-251.26636506069494,9.992390214483699,synced
172.0,-206.88,-251.22636506069495,9.92424406015982,synced
173.0,-206.92000000000002,-251.18636506069492,9.926223873646833,synced
174.0,-206.96,-251.146365060695,9.96755019225995,synced
175.0,-207.00000000000003,-251.10636506069494,9.930766825093668,synced
176.0,-207.04,-251.06636506069495,9.876043502832971,synced
177.0,-207.08,-251.02636506069499,9.847586208675818,synced
178.0,-207.12,-250.98636506069494,9.912041583369003,synced
179.0,-207.16000000000003,-250.94636506069494,9.859653470871477,synced
180.0,-207.20000000000002,-250.90636506069498,9.768669946112169,synced
181.0,-207.24,-250.86636506069493,9.840304698308405,synced
182.0,-207.28000000000003,-250.82636506069494,9.813323036616167,synced
183.0,-207.32,-250.78636506069495,9.872379422720678,synced
184.0,-207.36,-250.74636506069493,9.89577870961339,synced
185.0,-207.4,-250.706365060695,9.963350224203,synced
186.0,-207.44000000000003,-250.66636506069494,9.895523176480653,synced
187.0,-207.48,-250.62636506069498,9.911041704946305,synced
188.0,-207.52,-250.586365060695,9.843772464827094,synced
189.0,-207.56000000000003,-250.54636506069494,9.915679535985156,synced
190.0,-207.6,-250.50636506069495,9.948120078276695,synced
191.0,-207.64000000000001,-250.46636506069498,9.953659196062532,synced
192.0,-207.68,-250.42636506069493,9.892770766671804,synced
193.0,-207.72000000000003,-250.38636506069494,9.843292110230662,synced
194.0,-207.76,-250.34636506069495,9.88515339183893,synced
195.0,-207.8,-250.30636506069493,9.95556642317691,synced
196.0,-207.84000000000003,-250.26636506069494,9.830536409075913,synced
197.0,-207.88,-250.22636506069495,9.794058639892771,synced
198.0,-207.92000000000002,-250.18636506069492,9.834079159333653,synced
199.0,-207.96,-250.146365060695,9.784939829447781,synced
200.0,-208.00000000000003,-250.10636506069494,9.745357180726694,synced
201.0,-208.04,-250.06636506069495,9.794436333059735,synced
202.0,-208.08,-250.02636506069499,9.81069077506594,synced
203.0,-208.12,-249.98636506069496,9.799737084497412,synced
204.0,-208.16000000000003,-249.94636506069494,9.821158309072263,synced
205.0,-208.20000000000002,-249.90636506069495,9.81382369657416,synced
206.0,-208.24,-249.86636506069496,9.973041168439224,synced
207.0,-208.28000000000003,-249.82636506069494,9.91144836664909,synced
208.0,-208.32,-249.78636506069495,9.883639908450647,synced
209.0,-208.36,-249.74636506069496,9.960312643300744,synced
210.0,-208.4,-249.70636506069496,9.90112706868948,synced
211.0,-208.44000000000003,-249.66636506069494,9.983679087638613,synced
212.0,-208.48,-249.62636506069498,9.930667433364098,synced
213.0,-208.52,-249.58636506069496,9.828759790427439,synced
214.0,-208.56000000000003,-249.54636506069494,9.92441685917242,synced
215.0,-208.6,-249.50636506069495,9.95791651617714,synced
216.0,-208.64000000000001,-249.46636506069495,9.955388499756634,synced
217.0,-208.68,-249.42636506069496,9.875875528394197,synced
218.0,-208.72000000000003,-249.38636506069494,9.79839389071685,synced
219.0,-208.76,-249.34636506069495,9.797948168921211,synced
220.0,-208.8,-249.30636506069496,9.857126067245565,synced
221.0,-208.84000000000003,-249.26636506069494,9.962382958587284,synced
222.0,-208.88000000000002,-249.22636506069495,9.949801955867644,synced
223.0,-208.92000000000002,-249.18636506069495,9.972882367310476,synced
224.0,-208.96,-249.14636506069496,9.97129519405865,synced
225.0,-209.00000000000003,-249.10636506069494,9.953375975733925,synced
226.0,-209.04,-249.06636506069495,9.905862064381044,synced
227.0,-209.08,-249.02636506069496,9.861867049981516,synced
228.0,-209.12,-248.98636506069496,9.855244312188399,synced
229.0,-209.16000000000003,-248.94636506069494,9.898145255403639,synced
230.0,-209.20000000000002,-248.90636506069495,9.949327564323902,synced
231.0,-209.24,-248.86636506069496,9.952874727853528,synced
232.0,-209.28000000000003,-248.82636506069494,9.991905397847084,synced
233.0,-209.32,-248.78636506069495,9.94855845290718,synced
234.0,-209.36,-248.74636506069496,9.936705365021087,synced
235.0,-209.4,-248.70636506069496,9.940333954169766,synced
236.0,-209.44000000000003,-248.66636506069494,9.832916346677267,synced
237.0,-209.48,-248.62636506069495,9.850415385484201,synced
238.0,-209.52,-248.58636506069496,9.96924498114818,synced
239.0,-209.56000000000003,-248.54636506069494,9.903322029136408,synced
240.0,-209.60000000000002,-248.50636506069495,9.844626982562527,synced
241.0,-209.64000000000001,-248.46636506069495,9.882929702758586,synced
242.0,-209.68,-248.42636506069496,9.907678466211934,synced
243.0,-209.72000000000003,-248.38636506069494,10.004315708018934,synced
244.0,-209.76,-248.34636506069495,9.998766955024745,synced
245.0,-209.8,-248.30636506069496,10.023659888527659,synced
246.0,-209.84000000000003,-248.26636506069494,9.961025259383332,synced
247.0,-209.88000000000002,-248.22636506069495,10.020052287060599,synced
248.0,-209.92000000000002,-248.18636506069495,9.927931502710653,synced
249.0,-209.96,-248.14636506069496,9.882746489577322,synced
250.0,-210.00000000000003,-248.10636506069494,9.834362741240666,synced
251.0,-210.04,-248.06636506069495,9.874818087953512,synced
252.0,-210.08,-248.02636506069496,9.877147662203933,synced
253.0,-210.12,-247.98636506069496,9.834923078702069,synced
254.0,-210.16000000000003,-247.94636506069494,9.885966200354673,synced
255.0,-210.2,-247.90636506069495,9.816923607025101,synced
256.0,-210.24,-247.86636506069496,9.800894053887927,synced
257.0,-210.28000000000003,-247.82636506069494,9.771689044510895,synced
258.0,-210.32,-247.78636506069495,9.904334233484219,synced
259.0,-210.36,-247.74636506069496,9.91478371686455,synced
260.0,-210.4,-247.70636506069496,9.901626000525187,synced
261.0,-210.44000000000003,-247.66636506069494,9.992281414361814,synced
262.0,-210.48,-247.62636506069495,10.024155791893474,synced
263.0,-210.52,-247.58636506069496,9.945330258613355,synced
264.0,-210.56000000000003,-247.54636506069494,9.924946287576924,synced
265.0,-210.60000000000002,-247.50636506069495,10.04785136660899,synced
266.0,-210.64000000000001,-247.46636506069495,10.040012873996945,synced
267.0,-210.68,-247.42636506069496,10.002294346909329,synced
268.0,-210.72000000000003,-247.38636506069494,9.984284950132484,synced
269.0,-210.76,-247.34636506069495,9.994895477406201,synced
270.0,-210.8,-247.30636506069496,9.997072737543188,synced
271.0,-210.84,-247.26636506069497,10.033955583580612,synced
272.0,-210.88000000000002,-247.22636506069495,9.960675881381581,synced
273.0,-210.92000000000002,-247.18636506069495,10.009199790978085,synced
274.0,-210.96,-247.14636506069496,10.086138867370753,synced
275.0,-211.00000000000003,-247.10636506069494,10.100892472434426,synced
276.0,-211.04,-247.06636506069495,10.09462240769185,synced
277.0,-211.08,-247.02636506069496,10.075186769861965,synced
278.0,-211.12,-246.98636506069496,10.1040300321813,synced
279.0,-211.16000000000003,-246.94636506069494,10.08373248796035,synced
280.0,-211.2,-246.90636506069495,10.104487119938971,synced
281.0,-211.24,-246.86636506069496,10.118593364229433,synced
282.0,-211.28000000000003,-246.82636506069494,10.0476751540865,synced
283.0,-211.32000000000002,-246.78636506069495,10.057063542146555,synced
284.0,-211.36,-246.74636506069496,10.02796953268112,synced
285.0,-211.4,-246.70636506069496,10.08047071743473,synced
286.0,-211.44000000000003,-246.66636506069494,10.000686972388984,synced
287.0,-211.48,-246.62636506069495,9.96496525801277,synced
288.0,-211.52,-246.58636506069496,9.948336602117275,synced
289.0,-211.56000000000003,-246.54636506069494,9.905975036220038,synced
290.0,-211.60000000000002,-246.50636506069495,9.878510231034143,synced
291.0,-211.64000000000001,-246.46636506069495,9.934756807491535,synced
292.0,-211.68,-246.42636506069496,9.942116185484823,synced
293.0,-211.72000000000003,-246.38636506069494,9.957594625798427,synced
294.0,-211.76,-246.34636506069495,9.870810072682284,synced
295.0,-211.8,-246.30636506069496,9.98006720882949,synced
296.0,-211.84,-246.26636506069497,9.823046516052731,synced
297.0,-211.88000000000002,-246.22636506069495,9.825685651693949,synced
298.0,-211.92000000000002,-246.18636506069495,9.843798777316366,synced
299.0,-211.96,-246.14636506069496,9.781902259365232,synced
300.0,-212.00000000000003,-246.10636506069494,9.813550659139109,synced
301.0,-212.04000000000002,-246.06636506069495,9.832974757933016,synced
302.0,-212.08,-246.02636506069496,9.869205370940715,synced
303.0,-212.12,-245.98636506069496,9.934512295012714,synced
304.0,-212.16000000000003,-245.94636506069494,10.020075919699472,synced
305.0,-212.2,-245.90636506069495,10.01576129331233,synced
306.0,-212.24,-245.86636506069496,10.005207030991642,synced
307.0,-212.28000000000003,-245.82636506069494,10.016179046581698,synced
308.0,-212.32000000000002,-245.78636506069495,9.991022056607873,synced
309.0,-212.36,-245.74636506069496,9.926385741947097,synced
310.0,-212.4,-245.70636506069496,9.866919336629199,synced
311.0,-212.44000000000003,-245.66636506069494,9.87818986899039,synced
312.0,-212.48,-245.62636506069495,9.939010016316974,synced
313.0,-212.52,-245.58636506069496,9.8845485579456,synced
314.0,-212.56000000000003,-245.54636506069494,9.955306842022615,synced
315.0,-212.60000000000002,-245.50636506069495,9.919555061248337,synced
316.0,-212.64000000000001,-245.46636506069495,9.907424392598369,synced
317.0,-212.68,-245.42636506069496,9.875869347734323,synced
318.0,-212.72000000000003,-245.38636506069494,9.903241753137365,synced
319.0,-212.76,-245.34636506069495,9.85190956540788,synced
320.0,-212.8,-245.30636506069496,9.776969134779073,synced
321.0,-212.84,-245.26636506069497,9.804482588373325,synced
322.0,-212.88000000000002,-245.22636506069495,9.850221200690484,synced
323.0,-212.92,-245.18636506069495,9.905142502930314,synced
324.0,-212.96,-245.14636506069496,9.970643148630721,synced
325.0,-213.00000000000003,-245.10636506069494,10.027842970917133,synced
326.0,-213.04000000000002,-245.06636506069495,10.001622403820853,synced
327.0,-213.08,-245.02636506069496,10.016186545664496,synced
328.0,-213.12,-244.98636506069496,10.106843181061393,synced
329.0,-213.16000000000003,-244.94636506069494,10.099827708257319,synced
330.0,-213.2,-244.90636506069495,10.211845727313346,synced
331.0,-213.24,-244.86636506069496,10.260281570113271,synced
332.0,-213.28000000000003,-244.82636506069494,10.22279121645911,synced
333.0,-213.32000000000002,-244.78636506069495,10.237134735178898,synced
334.0,-213.36,-244.74636506069496,10.211306788465075,synced
335.0,-213.4,-244.70636506069496,10.173984280446053,synced
336.0,-213.44000000000003,-244.66636506069494,10.162386163978853,synced
337.0,-213.48,-244.62636506069495,10.17615653055634,synced
338.0,-213.52,-244.58636506069496,10.237499737445338,synced
339.0,-213.56,-244.54636506069497,10.143958197573632,synced
340.0,-213.60000000000002,-244.50636506069495,10.051478226623335,synced
341.0,-213.64000000000001,-244.46636506069493,10.019095124286476,synced
342.0,-213.68,-244.42636506069496,10.022939739608134,synced
343.0,-213.72000000000003,-244.38636506069494,10.061915226568935,synced
344.0,-213.76000000000002,-244.34636506069495,10.030874717295857,synced
345.0,-213.8,-244.30636506069496,10.091283562740166,synced
346.0,-213.84,-244.26636506069497,9.97665890661828,synced
347.0,-213.88000000000002,-244.22636506069495,9.969592470273625,synced
348.0,-213.92,-244.18636506069495,9.872967013256407,synced
349.0,-213.96,-244.14636506069496,9.94234163191332,synced
350.0,-214.00000000000003,-244.10636506069494,9.911450781597193,synced
351.0,-214.04000000000002,-244.06636506069495,9.871408809741993,synced
352.0,-214.08,-244.02636506069496,9.831668760003186,synced
353.0,-214.12,-243.98636506069496,9.879812236776198,synced
354.0,-214.16000000000003,-243.94636506069494,9.806261138113893,synced
355.0,-214.2,-243.90636506069495,9.800726733849906,synced
356.0,-214.24,-243.86636506069496,9.716242335724518,synced
357.0,-214.28000000000003,-243.82636506069494,9.641863076628814,synced
358.0,-214.32000000000002,-243.78636506069495,9.630758676576423,synced
359.0,-214.36,-243.74636506069496,9.589593647263056,synced
360.0,-214.4,-243.70636506069496,9.575758193272444,synced
361.0,-214.44000000000003,-243.66636506069494,9.66496742950082,synced
362.0,-214.48000000000002,-243.62636506069495,9.731291073050901,synced
363.0,-214.52,-243.58636506069496,9.686284861148808,synced
364.0,-214.56,-243.54636506069497,9.711283972195506,synced
365.0,-214.60000000000002,-243.50636506069495,9.651353713738903,synced
366.0,-214.64000000000001,-243.46636506069493,9.56401051254982,synced
367.0,-214.68,-243.42636506069496,9.561067486719255,synced
368.0,-214.72000000000003,-243.38636506069494,9.573388637156398,synced
369.0,-214.76000000000002,-243.34636506069495,9.589357804811765,synced
370.0,-214.8,-243.30636506069496,9.647778896136577,synced
371.0,-214.84,-243.26636506069497,9.642146452504774,synced
372.0,-214.88000000000002,-243.22636506069495,9.608795809010335,synced
373.0,-214.92,-243.18636506069495,9.603020355018394,synced
374.0,-214.96,-243.14636506069496,9.611227974593517,synced
375.0,-215.00000000000003,-243.10636506069494,9.70035375270631,synced
376.0,-215.04000000000002,-243.06636506069495,9.797173639726292,synced
377.0,-215.08,-243.02636506069496,9.769439505583733,synced
378.0,-215.12,-242.98636506069496,9.812482220231649,synced
379.0,-215.16000000000003,-242.94636506069494,9.815361804368955,synced
380.0,-215.2,-242.90636506069495,9.719154376030714,synced
381.0,-215.24,-242.86636506069496,9.730668399094839,synced
382.0,-215.28000000000003,-242.82636506069494,9.770470714120572,synced
383.0,-215.32000000000002,-242.78636506069495,9.767762468430725,synced
384.0,-215.36,-242.74636506069493,9.919975247770358,synced
385.0,-215.4,-242.70636506069496,9.992272639689325,synced
386.0,-215.44000000000003,-242.66636506069494,9.961555469054389,synced
387.0,-215.48000000000002,-242.62636506069495,9.999070158592637,synced
388.0,-215.52,-242.58636506069496,10.053451905838063,synced
389.0,-215.56,-242.54636506069497,10.01806744725997,synced
390.0,-215.60000000000002,-242.50636506069495,10.143980917371287,synced
391.0,-215.64,-242.46636506069495,10.244933385923638,synced
392.0,-215.68,-242.42636506069496,10.240033300835034,synced
393.0,-215.72000000000003,-242.38636506069494,10.251410400665545,synced
394.0,-215.76000000000002,-242.34636506069495,10.321319100491666,synced
395.0,-215.8,-242.30636506069496,10.361548609789883,synced
396.0,-215.84,-242.26636506069497,10.339319593757695,synced
397.0,-215.88000000000002,-242.22636506069495,10.28076870477812,synced
398.0,-215.92,-242.18636506069495,10.26279250510692,synced
399.0,-215.96,-242.14636506069496,10.205127331888914,synced
400.0,-216.00000000000003,-242.10636506069494,10.200272903420709,synced
401.0,-216.04000000000002,-242.06636506069495,10.20236091480456,synced
402.0,-216.08,-242.02636506069493,10.1428067375266,synced
403.0,-216.12,-241.98636506069496,10.203092445631196,synced
404.0,-216.16000000000003,-241.94636506069494,10.229881760278836,synced
405.0,-216.20000000000002,-241.90636506069495,10.231075069252944,synced
406.0,-216.24,-241.86636506069496,10.143204726304116,synced
407.0,-216.28000000000003,-241.82636506069494,10.126824633150761,synced
408.0,-216.32000000000002,-241.78636506069495,10.052638337714221,synced
409.0,-216.36,-241.74636506069493,10.106583850885642,synced
410.0,-216.4,-241.70636506069496,10.12880089723492,synced
411.0,-216.44000000000003,-241.66636506069494,10.123514990265232,synced
412.0,-216.48000000000002,-241.62636506069495,10.059135184039281,synced
413.0,-216.52,-241.58636506069496,10.109608996430236,synced
414.0,-216.56,-241.54636506069497,10.011584605199491,synced
415.0,-216.60000000000002,-241.50636506069495,10.067128849749418,synced
416.0,-216.64,-241.46636506069495,10.033087562045573,synced
417.0,-216.68,-241.42636506069496,10.013939223280671,synced
418.0,-216.72000000000003,-241.38636506069494,10.05900231877052,synced
419.0,-216.76000000000002,-241.34636506069495,10.046297705171792,synced
420.0,-216.8,-241.30636506069496,10.054805360177527,synced
421.0,-216.84,-241.26636506069497,10.05113027566501,synced
422.0,-216.88000000000002,-241.22636506069495,10.059685266506857,synced
423.0,-216.92000000000002,-241.18636506069495,9.990657878963194,synced
424.0,-216.96,-241.14636506069496,9.933835281642988,synced
425.0,-217.00000000000003,-241.10636506069494,9.937436820447704,synced
426.0,-217.04000000000002,-241.06636506069495,9.810226130870653,synced
427.0,-217.08,-241.02636506069493,9.777663081400267,synced
428.0,-217.12,-240.98636506069496,9.765899673706835,synced
429.0,-217.16000000000003,-240.94636506069494,9.79654668355695,synced
430.0,-217.20000000000002,-240.90636506069495,9.853983120550886,synced
431.0,-217.24,-240.86636506069496,9.872026674384083,synced
432.0,-217.28,-240.82636506069497,9.82986276973305,synced
433.0,-217.32000000000002,-240.78636506069495,9.848628910709479,synced
434.0,-217.35999999999999,-240.74636506069496,9.946634509171549,synced
435.0,-217.4,-240.70636506069496,9.941082898750398,synced
436.0,-217.44000000000003,-240.66636506069494,10.007416718561728,synced
437.0,-217.48000000000002,-240.62636506069495,9.966528213965015,synced
438.0,-217.52,-240.58636506069496,10.029348365198226,synced
439.0,-217.56,-240.54636506069497,9.98155859278782,synced
440.0,-217.60000000000002,-240.50636506069495,9.95187045602064,synced
441.0,-217.64,-240.46636506069495,9.959875995763007,synced
442.0,-217.68,-240.42636506069496,9.979379899686503,synced
443.0,-217.72000000000003,-240.38636506069494,9.872231110976488,synced
444.0,-217.76000000000002,-240.34636506069495,9.872030630471096,synced
445.0,-217.8,-240.30636506069493,9.910501239789093,synced
446.0,-217.84,-240.26636506069497,9.838595376115117,synced
447.0,-217.88000000000002,-240.22636506069495,9.846770729935256,synced
448.0,-217.92000000000002,-240.18636506069495,9.829634937857074,synced
449.0,-217.96,-240.14636506069496,9.860434169425309,synced
450.0,-218.00000000000003,-240.10636506069494,9.956433883488963,synced
451.0,-218.04000000000002,-240.06636506069495,9.986051219769587,synced
452.0,-218.08,-240.02636506069493,10.003753628977236,synced
453.0,-218.12,-239.98636506069496,10.108337577983296,synced
454.0,-218.16000000000003,-239.94636506069494,10.070560176388465,synced
455.0,-218.20000000000002,-239.90636506069495,10.081658509677682,synced
456.0,-218.24,-239.86636506069496,10.08092556626461,synced
457.0,-218.28,-239.82636506069497,10.120473620996107,synced
458.0,-218.32000000000002,-239.78636506069495,10.103585869163906,synced
459.0,-218.35999999999999,-239.74636506069496,10.0782979823697,synced
460.0,-218.4,-239.70636506069496,10.063824159578294,synced
461.0,-218.44000000000003,-239.66636506069494,10.133203207607245,synced
462.0,-218.48000000000002,-239.62636506069495,10.046445284220052,synced
463.0,-218.52,-239.58636506069493,9.98194767676766,synced
464.0,-218.56,-239.54636506069497,9.986511701081364,synced
465.0,-218.60000000000002,-239.50636506069495,10.076763594207977,synced
466.0,-218.64000000000001,-239.46636506069495,10.035081522899613,synced
467.0,-218.68,-239.42636506069496,9.962877824550825,synced
468.0,-218.72000000000003,-239.38636506069494,9.987663500231282,synced
469.0,-218.76000000000002,-239.34636506069495,10.067639878533651,synced
470.0,-218.8,-239.30636506069493,10.0126499440511,synced
471.0,-218.84,-239.26636506069497,9.942547488783426,synced
472.0,-218.88000000000002,-239.22636506069495,9.981685348028153,synced
473.0,-218.92000000000002,-239.18636506069495,10.042203526942073,synced
474.0,-218.96,-239.14636506069496,9.974520997040132,synced
475.0,-219.00000000000003,-239.10636506069494,9.931604055066101,synced
476.0,-219.04000000000002,-239.06636506069495,9.972277477193481,synced
477.0,-219.08,-239.02636506069493,9.922069814407076,synced
478.0,-219.12,-238.98636506069496,9.900280596901483,synced
479.0,-219.16000000000003,-238.94636506069494,9.921691089095797,synced
480.0,-219.20000000000002,-238.90636506069495,9.979890537308773,synced
481.0,-219.24,-238.86636506069496,9.86730469391231,synced
482.0,-219.28,-238.82636506069497,9.818288069116775,synced
483.0,-219.32000000000002,-238.78636506069495,9.803033071881906,synced
484.0,-219.36,-238.74636506069496,9.786482510541122,synced
485.0,-219.4,-238.70636506069496,9.763347509125664,synced
486.0,-219.44000000000003,-238.66636506069494,9.686763782274815,synced
487.0,-219.48000000000002,-238.62636506069495,9.744230648936009,synced
488.0,-219.52,-238.58636506069493,9.744525888983945,synced
489.0,-219.56,-238.54636506069497,9.71475425660545,synced
490.0,-219.60000000000002,-238.50636506069495,9.711140220601905,synced
491.0,-219.64000000000001,-238.46636506069495,9.757240135760375,synced
492.0,-219.68,-238.42636506069496,9.757612977331965,synced
493.0,-219.72000000000003,-238.38636506069494,9.764356297576798,synced
494.0,-219.76000000000002,-238.34636506069495,9.940972965061135,synced
495.0,-219.8,-238.30636506069493,9.862871988909477,synced
496.0,-219.84,-238.26636506069497,9.836688520912046,synced
497.0,-219.88000000000002,-238.22636506069495,9.856556962448831,synced
498.0,-219.92000000000002,-238.18636506069495,9.830691208111975,synced
499.0,-219.96,-238.14636506069496,9.850817926463279,synced
500.0,-220.0,-238.10636506069497,9.852702400548225,synced
501.0,-220.04000000000002,-238.06636506069495,9.753755009843601,synced
502.0,-220.07999999999998,-238.02636506069496,9.791034204504362,synced
503.0,-220.12,-237.98636506069496,9.781946020581689,synced
504.0,-220.16000000000003,-237.94636506069494,9.76965550058248,synced
505.0,-220.20000000000002,-237.90636506069495,9.803562971926748,synced
506.0,-220.24,-237.86636506069493,9.814692773537859,synced
507.0,-220.28,-237.82636506069497,9.860384744842964,synced
508.0,-220.32000000000002,-237.78636506069495,9.826866707795755,synced
509.0,-220.36,-237.74636506069496,9.919467768658958,synced
510.0,-220.4,-237.70636506069496,10.013815595429465,synced
511.0,-220.44000000000003,-237.66636506069494,10.047084998999035,synced
512.0,-220.48000000000002,-237.62636506069495,10.102210578704751,synced
513.0,-220.52,-237.58636506069493,10.145087186157031,synced
514.0,-220.56,-237.54636506069497,10.116707744754178,synced
515.0,-220.60000000000002,-237.50636506069495,10.13255702326124,synced
516.0,-220.64000000000001,-237.46636506069495,10.116713037016527,synced
517.0,-220.68,-237.42636506069496,10.10562624215297,synced
518.0,-220.72000000000003,-237.38636506069494,10.216066478081876,synced
519.0,-220.76000000000002,-237.34636506069495,10.21171584749464,synced
520.0,-220.8,-237.30636506069493,10.337240575371082,synced
521.0,-220.84,-237.26636506069497,10.279508926246988,synced
522.0,-220.88000000000002,-237.22636506069495,10.244523003185735,synced
523.0,-220.92000000000002,-237.18636506069495,10.271308438970228,synced
524.0,-220.96,-237.14636506069493,10.225033064640037,synced
525.0,-221.0,-237.10636506069497,10.321653047387302,synced
526.0,-221.04000000000002,-237.06636506069495,10.296546204718954,synced
527.0,-221.08,-237.02636506069496,10.287588614586701,synced
528.0,-221.12,-236.98636506069496,10.257499588095186,synced
529.0,-221.16000000000003,-236.94636506069494,10.319658992616636,synced
530.0,-221.20000000000002,-236.90636506069495,10.287941367014858,synced
531.0,-221.24,-236.86636506069493,10.28085596435943,synced
532.0,-221.28,-236.82636506069497,10.27924826795304,synced
533.0,-221.32000000000002,-236.78636506069495,10.28868519832299,synced
534.0,-221.36,-236.74636506069496,10.330958987954887,synced
535.0,-221.4,-236.70636506069496,10.211605269933589,synced
536.0,-221.44000000000003,-236.66636506069494,10.239185717090676,synced
537.0,-221.48000000000002,-236.62636506069495,10.25859410611249,synced
538.0,-221.52,-236.58636506069493,10.24347508087481,synced
539.0,-221.56,-236.54636506069497,10.231338886123986,synced
540.0,-221.60000000000002,-236.50636506069495,10.255875503741324,synced
541.0,-221.64000000000001,-236.46636506069495,10.252363708677992,synced
542.0,-221.68,-236.42636506069496,10.2359783684223,synced
543.0,-221.72000000000003,-236.38636506069494,10.060000181980582,synced
544.0,-221.76000000000002,-236.34636506069495,10.038111615561396,synced
545.0,-221.8,-236.30636506069493,9.985940036600388,synced
546.0,-221.84,-236.26636506069497,9.963963303675023,synced
547.0,-221.88000000000002,-236.22636506069495,9.913512198014729,synced
548.0,-221.92000000000002,-236.18636506069495,9.985375919877749,synced
549.0,-221.96,-236.14636506069493,9.871642944671743,synced
550.0,-222.0,-236.10636506069497,9.942401810958485,synced
551.0,-222.04000000000002,-236.06636506069495,9.887041492207677,synced
552.0,-222.08,-236.02636506069496,9.962278268185548,synced
553.0,-222.12,-235.98636506069496,10.047457069806393,synced
554.0,-222.16000000000003,-235.94636506069494,10.086552783619695,synced
555.0,-222.20000000000002,-235.90636506069495,10.047893124636943,synced
556.0,-222.24,-235.86636506069493,10.031356439949096,synced
557.0,-222.28,-235.82636506069497,10.108741366092383,synced
558.0,-222.32000000000002,-235.78636506069495,10.035228670417284,synced
559.0,-222.36,-235.74636506069496,10.073158015209332,synced
560.0,-222.4,-235.70636506069496,10.103591612174807,synced
561.0,-222.44000000000003,-235.66636506069494,10.046439895641356,synced
562.0,-222.48000000000002,-235.62636506069495,9.991738421675834,synced
563.0,-222.52,-235.58636506069493,9.966636095072174,synced
564.0,-222.56,-235.54636506069497,10.024388562423326,synced
565.0,-222.60000000000002,-235.50636506069495,10.067593898347466,synced
566.0,-222.64000000000001,-235.46636506069495,10.004583019487672,synced
567.0,-222.68,-235.42636506069493,10.102960993623428,synced
568.0,-222.72,-235.38636506069497,9.974326989457023,synced
569.0,-222.76000000000002,-235.34636506069495,9.968011945113819,synced
570.0,-222.8,-235.30636506069496,9.910946236642292,synced
571.0,-222.84,-235.26636506069497,9.859057965990402,synced
572.0,-222.88000000000002,-235.22636506069495,9.841992970554742,synced
573.0,-222.92000000000002,-235.18636506069495,9.895051921346571,synced
574.0,-222.96,-235.14636506069493,9.950236950437757,synced
575.0,-223.0,-235.10636506069497,9.955286776222428,synced
576.0,-223.04000000000002,-235.06636506069495,9.916085391354773,synced
577.0,-223.08,-235.02636506069496,9.820960883021645,synced
578.0,-223.12,-234.98636506069496,9.876896519864841,synced
579.0,-223.16000000000003,-234.94636506069494,9.933121496464276,synced
580.0,-223.20000000000002,-234.90636506069495,9.960478322283251,synced
581.0,-223.24,-234.86636506069493,10.028190840688344,synced
582.0,-223.28,-234.82636506069497,10.140975973863487,synced
583.0,-223.32000000000002,-234.78636506069495,10.156462847562747,synced
584.0,-223.36,-234.74636506069496,10.087187112687662,synced
585.0,-223.4,-234.70636506069494,10.176923936676685,synced
586.0,-223.44000000000003,-234.66636506069494,10.223183565675281,synced
587.0,-223.48000000000002,-234.62636506069495,10.189038062372035,synced
588.0,-223.52,-234.58636506069493,10.166455836199322,synced
589.0,-223.56,-234.54636506069497,10.109543759366623,synced
590.0,-223.60000000000002,-234.50636506069495,10.128853201832849,synced
591.0,-223.64000000000001,-234.46636506069495,10.249419862159659,synced
592.0,-223.68,-234.42636506069493,10.271156225692662,synced
593.0,-223.72,-234.38636506069497,10.225034343906565,synced
594.0,-223.76000000000002,-234.34636506069495,10.250674478171712,synced
595.0,-223.8,-234.30636506069496,10.198152386126285,synced
596.0,-223.84,-234.26636506069497,10.086468893280493,synced
597.0,-223.88000000000002,-234.22636506069495,10.117736663601079,synced
598.0,-223.92000000000002,-234.18636506069495,10.103679349176497,synced
599.0,-223.96,-234.14636506069493,10.05810449299746,synced
600.0,-224.0,-234.10636506069497,10.126321176803204,synced
601.0,-224.04000000000002,-234.06636506069495,10.144574706848902,synced
602.0,-224.08,-234.02636506069496,10.043203147158952,synced
603.0,-224.12,-233.98636506069496,10.013386388261713,synced
604.0,-224.16000000000003,-233.94636506069494,9.959248662868902,synced
605.0,-224.20000000000002,-233.90636506069495,9.966256494168519,synced
606.0,-224.24,-233.86636506069493,9.970095828136156,synced
607.0,-224.28,-233.82636506069497,9.964175535606024,synced
608.0,-224.32000000000002,-233.78636506069495,9.971924063098797,synced
609.0,-224.36,-233.74636506069496,9.833616275154416,synced
610.0,-224.4,-233.70636506069494,9.875808616607252,synced
611.0,-224.44000000000003,-233.66636506069494,9.864029933049162,synced
612.0,-224.48000000000002,-233.62636506069495,9.804817486002731,synced
613.0,-224.52000000000004,-233.58636506069493,9.865784003846024,synced
614.0,-224.56,-233.54636506069497,9.88385388463256,synced
615.0,-224.60000000000002,-233.50636506069495,9.86764925675329,synced
616.0,-224.64000000000001,-233.46636506069495,9.84920138864251,synced
617.0,-224.68,-233.42636506069493,9.839113780804459,synced
618.0,-224.72,-233.38636506069497,9.8975562393179,synced
619.0,-224.76000000000002,-233.34636506069495,9.931101696327021,synced
620.0,-224.8,-233.30636506069496,9.94840524065177,synced
621.0,-224.84,-233.26636506069497,9.88157762173525,synced
622.0,-224.88000000000002,-233.22636506069495,9.824805286755446,synced
623.0,-224.92000000000002,-233.18636506069495,9.823994410331771,synced
624.0,-224.96,-233.14636506069493,9.879688328722324,synced
625.0,-225.0,-233.10636506069497,9.941193925104287,synced
626.0,-225.04000000000002,-233.06636506069495,9.88939821394555,synced
627.0,-225.08,-233.02636506069496,9.983621880644556,synced
628.0,-225.12,-232.98636506069494,9.935121527444856,synced
629.0,-225.16000000000003,-232.94636506069494,9.82888525170833,synced
630.0,-225.20000000000002,-232.90636506069495,9.807218179555544,synced
631.0,-225.24000000000004,-232.86636506069493,9.790298283417819,synced
632.0,-225.28,-232.82636506069497,9.762742920198935,synced
633.0,-225.32000000000002,-232.78636506069495,9.818207023656322,synced
634.0,-225.36,-232.74636506069496,9.749328574772537,synced
635.0,-225.4,-232.70636506069494,9.728830240756714,synced
636.0,-225.44,-232.66636506069497,9.760765177770969,synced
637.0,-225.48000000000002,-232.62636506069495,9.687587989708202,synced
638.0,-225.52,-232.58636506069496,9.741551792023628,synced
639.0,-225.56,-232.54636506069497,9.810461902516609,synced
640.0,-225.60000000000002,-232.50636506069495,9.737067420788309,synced
641.0,-225.64000000000001,-232.46636506069495,9.826281614536997,synced
642.0,-225.68,-232.42636506069493,9.78429605414452,synced
643.0,-225.72,-232.38636506069497,9.841347557026287,synced
644.0,-225.76000000000002,-232.34636506069495,9.886962029145574,synced
645.0,-225.8,-232.30636506069496,9.8398861794661,synced
646.0,-225.84,-232.26636506069494,9.857801057202048,synced
647.0,-225.88000000000002,-232.22636506069495,9.839849203588047,synced
648.0,-225.92000000000002,-232.18636506069495,9.775007586545815,synced
649.0,-225.96,-232.14636506069493,9.654543111178166,synced
650.0,-226.0,-232.10636506069497,9.693137946377966,synced
651.0,-226.04000000000002,-232.06636506069495,9.726716938395802,synced
652.0,-226.08,-232.02636506069496,9.75696614281335,synced
653.0,-226.12,-231.98636506069494,9.779632918888225,synced
654.0,-226.16000000000003,-231.94636506069494,9.898213688382674,synced
655.0,-226.20000000000002,-231.90636506069495,10.028892390040678,synced
656.0,-226.24000000000004,-231.86636506069493,9.930080639037081,synced
657.0,-226.28,-231.82636506069497,9.954646686150037,synced
658.0,-226.32000000000002,-231.78636506069495,9.904693305709477,synced
659.0,-226.36,-231.74636506069496,9.995510167150668,synced
660.0,-226.4,-231.70636506069494,9.934560198550379,synced
661.0,-226.44,-231.66636506069497,9.973378610229593,synced
662.0,-226.48000000000002,-231.62636506069495,9.890014770155886,synced
663.0,-226.52,-231.58636506069496,9.913243660332554,synced
664.0,-226.56,-231.54636506069497,9.89103026096047,synced
665.0,-226.60000000000002,-231.50636506069495,9.910748225722992,synced
666.0,-226.64000000000001,-231.46636506069495,10.026529268360534,synced
667.0,-226.68,-231.42636506069493,10.074388737440126,synced
668.0,-226.72,-231.38636506069497,10.077341767254167,synced
669.0,-226.76000000000002,-231.34636506069495,9.993828717484387,synced
670.0,-226.8,-231.30636506069496,10.08653513019453,synced
671.0,-226.84,-231.26636506069494,10.038413860079059,synced
672.0,-226.88000000000002,-231.22636506069495,10.097855517106597,synced
673.0,-226.92000000000002,-231.18636506069495,10.123592555771971,synced
674.0,-226.96000000000004,-231.14636506069493,10.15437467768976,synced
675.0,-227.0,-231.10636506069497,10.066473437478518,synced
676.0,-227.04000000000002,-231.06636506069495,10.013280644804222,synced
677.0,-227.08,-231.02636506069496,10.037630852998468,synced
678.0,-227.12,-230.98636506069494,10.069422548010992,synced
679.0,-227.16000000000003,-230.94636506069494,10.085119270962227,synced
680.0,-227.20000000000002,-230.90636506069495,10.074976526742274,synced
681.0,-227.24000000000004,-230.86636506069493,10.05540313835418,synced
682.0,-227.28,-230.82636506069497,10.1038423891657,synced
683.0,-227.32000000000002,-230.78636506069495,10.11269127591663,synced
684.0,-227.36,-230.74636506069496,10.118064887334105,synced
685.0,-227.4,-230.70636506069494,10.137706657804335,synced
686.0,-227.44,-230.66636506069497,10.043746022056766,synced
687.0,-227.48000000000002,-230.62636506069495,10.044241810121314,synced
688.0,-227.52,-230.58636506069496,10.05034723425427,synced
689.0,-227.56,-230.54636506069494,9.992515207857238,synced
690.0,-227.60000000000002,-230.50636506069495,10.010955846922991,synced
691.0,-227.64000000000001,-230.46636506069495,10.157343428066568,synced
692.0,-227.68000000000004,-230.42636506069493,10.182216680311384,synced
693.0,-227.72,-230.38636506069497,10.329648081870674,synced
694.0,-227.76000000000002,-230.34636506069495,10.304860519168123,synced
695.0,-227.8,-230.30636506069496,10.3915777404886,synced
696.0,-227.84,-230.26636506069494,10.412325042445437,synced
697.0,-227.88000000000002,-230.22636506069495,10.392802884982816,synced
698.0,-227.92000000000002,-230.18636506069495,10.46468238293327,synced
699.0,-227.96000000000004,-230.14636506069493,10.365398330428238,synced
700.0,-228.0,-230.10636506069497,10.375610259182627,synced
701.0,-228.04000000000002,-230.06636506069495,10.382955491784667,synced
702.0,-228.08,-230.02636506069496,10.420314967417271,synced
703.0,-228.12,-229.98636506069494,10.387787657022058,synced
704.0,-228.16,-229.94636506069497,10.487102655495129,synced
705.0,-228.20000000000002,-229.90636506069495,10.471008403036969,synced
706.0,-228.24,-229.86636506069496,10.357286727220554,synced
707.0,-228.28,-229.82636506069494,10.30830132691693,synced
708.0,-228.32000000000002,-229.78636506069495,10.313184681565335,synced
709.0,-228.36,-229.74636506069496,10.137917372777277,synced
710.0,-228.4,-229.70636506069494,10.03661189480426,synced
711.0,-228.44,-229.66636506069497,9.991870559619198,synced
712.0,-228.48000000000002,-229.62636506069495,10.080412952412798,synced
713.0,-228.52,-229.58636506069496,10.074236439144569,synced
714.0,-228.56,-229.54636506069494,10.141225370699198,synced
715.0,-228.60000000000002,-229.50636506069495,10.151287991473023,synced
716.0,-228.64000000000001,-229.46636506069495,10.12867994991218,synced
717.0,-228.68000000000004,-229.42636506069493,10.08764374866447,synced
718.0,-228.72,-229.38636506069497,10.135603284544603,synced
719.0,-228.76000000000002,-229.34636506069495,10.167760547350523,synced
720.0,-228.8,-229.30636506069496,10.104017139465377,synced
721.0,-228.84,-229.26636506069494,10.078338364254257,synced
722.0,-228.88000000000002,-229.22636506069495,10.00574323800546,synced
723.0,-228.92000000000002,-229.18636506069495,9.980615470740833,synced
724.0,-228.96000000000004,-229.14636506069493,9.94240168706606,synced
725.0,-229.0,-229.10636506069497,9.925044526872707,synced
726.0,-229.04000000000002,-229.06636506069495,9.883576181695581,synced
727.0,-229.08,-229.02636506069496,9.915126950697712,synced
728.0,-229.12,-228.98636506069494,9.960329616890611,synced
729.0,-229.16,-228.94636506069497,10.003306597180822,synced
730.0,-229.20000000000002,-228.90636506069495,10.01676858061018,synced
731.0,-229.24,-228.86636506069496,9.94826973348889,synced
732.0,-229.28,-228.82636506069494,9.973457127136626,synced
733.0,-229.32000000000002,-228.78636506069495,9.858796275758975,synced
734.0,-229.36,-228.74636506069496,9.850069898632297,synced
735.0,-229.40000000000003,-228.70636506069494,9.914983332082627,synced
736.0,-229.44,-228.66636506069497,9.775983531343318,synced
737.0,-229.48000000000002,-228.62636506069495,9.89648091700493,synced
738.0,-229.52,-228.58636506069496,9.872666686985804,synced
739.0,-229.56,-228.54636506069494,9.902947230554792,synced
740.0,-229.60000000000002,-228.50636506069495,9.778043033196958,synced
741.0,-229.64000000000001,-228.46636506069495,9.702405775020434,synced
742.0,-229.68000000000004,-228.42636506069493,9.685638668047226,synced
743.0,-229.72,-228.38636506069497,9.752105446139304,synced
744.0,-229.76000000000002,-228.34636506069495,9.752444123858172,synced
745.0,-229.8,-228.30636506069496,9.675448730217779,synced
746.0,-229.84,-228.26636506069494,9.66069521435542,synced
747.0,-229.88000000000002,-228.22636506069495,9.674867129254222,synced
748.0,-229.92000000000002,-228.18636506069495,9.66414476029634,synced
749.0,-229.96000000000004,-228.14636506069493,9.692327152785147,synced
750.0,-230.0,-228.10636506069494,9.713046653995361,synced
751.0,-230.04000000000002,-228.06636506069495,9.739728098672213,synced
752.0,-230.08,-228.02636506069496,9.852969618217273,synced
753.0,-230.12000000000003,-227.98636506069494,9.886600287044661,synced
754.0,-230.16,-227.94636506069497,9.918132502776873,synced
755.0,-230.20000000000002,-227.90636506069495,9.972362326834155,synced
756.0,-230.24,-227.86636506069496,9.968176797582384,synced
757.0,-230.28,-227.82636506069494,10.035336644383552,synced
758.0,-230.32000000000002,-227.78636506069495,10.02189999777059,synced
759.0,-230.36,-227.74636506069496,9.953551238604003,synced
760.0,-230.40000000000003,-227.70636506069494,10.029716142861938,synced
761.0,-230.44,-227.66636506069497,10.043269032538937,synced
762.0,-230.48000000000002,-227.62636506069495,10.071625029980492,synced
763.0,-230.52,-227.58636506069496,10.04341151550009,synced
764.0,-230.56,-227.54636506069494,10.100823240991847,synced
765.0,-230.60000000000002,-227.50636506069495,10.147499497431129,synced
766.0,-230.64000000000001,-227.46636506069495,10.150019544549943,synced
767.0,-230.68000000000004,-227.42636506069493,10.191332388002655,synced
768.0,-230.72,-227.38636506069494,10.254951101027505,synced
769.0,-230.76000000000002,-227.34636506069495,10.197509438619134,synced
770.0,-230.8,-227.30636506069496,10.20138218390504,synced
771.0,-230.84,-227.26636506069494,10.211377183255044,synced
772.0,-230.88,-227.22636506069497,10.228522876818523,synced
773.0,-230.92000000000002,-227.18636506069495,10.274976970952142,synced
774.0,-230.96,-227.14636506069496,10.263613308546166,synced
775.0,-231.0,-227.10636506069494,10.158646442780306,synced
776.0,-231.04000000000002,-227.06636506069495,10.170881090492273,synced
777.0,-231.08,-227.02636506069496,10.108490989952784,synced
778.0,-231.12000000000003,-226.98636506069494,10.163602822680973,synced
779.0,-231.16,-226.94636506069497,10.11729565607855,synced
780.0,-231.20000000000002,-226.90636506069495,10.152543078395498,synced
781.0,-231.24,-226.86636506069496,10.134028314736337,synced
782.0,-231.28,-226.82636506069494,10.163768212707508,synced
783.0,-231.32000000000002,-226.78636506069495,10.225701611573907,synced
784.0,-231.36,-226.74636506069496,10.15689031550232,synced
785.0,-231.40000000000003,-226.70636506069494,10.16122138699288,synced
786.0,-231.44,-226.66636506069497,10.061689195416946,synced
787.0,-231.48000000000002,-226.62636506069495,10.057834412541682,synced
788.0,-231.52,-226.58636506069496,10.1329481600759,synced
789.0,-231.56,-226.54636506069494,10.085115839232744,synced
790.0,-231.60000000000002,-226.50636506069495,10.069103801722518,synced
791.0,-231.64000000000001,-226.46636506069495,10.011044424275306,synced
792.0,-231.68,-226.42636506069496,10.110375601055404,synced
793.0,-231.72,-226.38636506069494,10.124330271267079,synced
794.0,-231.76000000000002,-226.34636506069495,10.25043842482945,synced
795.0,-231.8,-226.30636506069496,10.289594434955474,synced
796.0,-231.84000000000003,-226.26636506069494,10.252771750398432,synced
797.0,-231.88000000000002,-226.22636506069495,10.348891020060035,synced
798.0,-231.92000000000002,-226.18636506069495,10.392813266657724,synced
799.0,-231.96,-226.14636506069496,10.427489598027334,synced
800.0,-232.0,-226.10636506069494,10.40845807509122,synced
801.0,-232.04000000000002,-226.06636506069495,10.243256307825632,synced
802.0,-232.08,-226.02636506069496,10.216626703580728,synced
803.0,-232.12000000000003,-225.98636506069494,10.226171988954619,synced
804.0,-232.16,-225.94636506069497,10.253634144735068,synced
805.0,-232.20000000000002,-225.90636506069495,10.133382915684692,synced
806.0,-232.24,-225.86636506069496,10.114317790397621,synced
807.0,-232.28,-225.82636506069494,10.145380431890032,synced
808.0,-232.32000000000002,-225.78636506069495,10.152677519016217,synced
809.0,-232.36,-225.74636506069496,10.209579548425829,synced
810.0,-232.40000000000003,-225.70636506069494,10.309708560424985,synced
811.0,-232.44,-225.66636506069494,10.28790610846883,synced
812.0,-232.48000000000002,-225.62636506069495,10.313419961900827,synced
813.0,-232.52,-225.58636506069496,10.364702549622823,synced
814.0,-232.56000000000003,-225.54636506069494,10.277680093117553,synced
815.0,-232.60000000000002,-225.50636506069495,10.289988465897654,synced
816.0,-232.64000000000001,-225.46636506069495,10.320624384680038,synced
817.0,-232.68,-225.42636506069496,10.42205395783577,synced
818.0,-232.72,-225.38636506069494,10.286090457416602,synced
819.0,-232.76000000000002,-225.34636506069495,10.228116210938165,synced
820.0,-232.8,-225.30636506069496,10.246547002200234,synced
821.0,-232.84000000000003,-225.26636506069494,10.239881414656733,synced
822.0,-232.88,-225.22636506069497,10.195285804562332,synced
823.0,-232.92000000000002,-225.18636506069495,10.114369367754783,synced
824.0,-232.96,-225.14636506069496,10.149133724477789,synced
825.0,-233.0,-225.10636506069494,10.107071959367358,synced
826.0,-233.04000000000002,-225.06636506069495,10.191395910038286,synced
827.0,-233.08,-225.02636506069496,10.222140673315838,synced
828.0,-233.12000000000003,-224.98636506069494,10.23775395384513,synced
829.0,-233.16,-224.94636506069494,10.180297306215309,synced
830.0,-233.20000000000002,-224.90636506069495,10.11748286370323,synced
831.0,-233.24,-224.86636506069496,10.248125036528306,synced
832.0,-233.28,-224.82636506069494,10.225720000710204,synced
833.0,-233.32000000000002,-224.78636506069495,10.177392621241898,synced
834.0,-233.36,-224.74636506069496,10.23020102151137,synced
835.0,-233.40000000000003,-224.70636506069494,10.139091871852578,synced
836.0,-233.44,-224.66636506069494,10.086497606832612,synced
837.0,-233.48000000000002,-224.62636506069495,10.124252014420687,synced
838.0,-233.52,-224.58636506069496,10.03503447678497,synced
839.0,-233.56000000000003,-224.54636506069494,9.953360316253407,synced
840.0,-233.60000000000002,-224.50636506069495,10.033738565923212,synced
841.0,-233.64000000000001,-224.46636506069495,9.985247519724211,synced
842.0,-233.68,-224.42636506069496,9.931554073401571,synced
843.0,-233.72,-224.38636506069494,9.953392678646033,synced
844.0,-233.76000000000002,-224.34636506069495,9.902894244592675,synced
845.0,-233.8,-224.30636506069496,9.949620447094215,synced
846.0,-233.84000000000003,-224.26636506069494,9.916469387608206,synced
847.0,-233.88,-224.22636506069497,9.9100226675376,synced
848.0,-233.92000000000002,-224.18636506069495,9.912227892446058,synced
849.0,-233.96,-224.14636506069496,9.863139902399231,synced
850.0,-234.0,-224.10636506069494,9.816186625226791,synced
851.0,-234.04000000000002,-224.06636506069495,9.89960083561947,synced
852.0,-234.08,-224.02636506069496,9.968534514688043,synced
853.0,-234.12000000000003,-223.98636506069494,9.90767220282765,synced
854.0,-234.16,-223.94636506069494,9.842080371886386,synced
855.0,-234.20000000000002,-223.90636506069495,9.898918898182647,synced
856.0,-234.24,-223.86636506069496,9.901311641982824,synced
857.0,-234.28000000000003,-223.82636506069494,9.930853934993127,synced
858.0,-234.32000000000002,-223.78636506069495,9.999329900292064,synced
859.0,-234.36,-223.74636506069496,10.004854638389766,synced
860.0,-234.4,-223.70636506069496,9.917443614209903,synced
861.0,-234.44,-223.66636506069494,9.863414442574992,synced
862.0,-234.48000000000002,-223.62636506069495,9.87955494620152,synced
863.0,-234.52,-223.58636506069496,9.940137863038684,synced
864.0,-234.56000000000003,-223.54636506069494,10.032271368726114,synced
865.0,-234.60000000000002,-223.50636506069495,9.954049485941251,synced
866.0,-234.64000000000001,-223.46636506069495,9.945250416177942,synced
867.0,-234.68,-223.42636506069496,9.969449380922951,synced
868.0,-234.72,-223.38636506069494,9.968391875518263,synced
869.0,-234.76000000000002,-223.34636506069495,9.972755654510168,synced
870.0,-234.8,-223.30636506069496,10.072438421714569,synced
871.0,-234.84000000000003,-223.26636506069494,10.018620925581923,synced
872.0,-234.88,-223.22636506069495,9.992097098286134,synced
873.0,-234.92000000000002,-223.18636506069495,10.001774705074434,synced
874.0,-234.96,-223.14636506069496,10.014715651660538,synced
875.0,-235.00000000000003,-223.10636506069494,10.122095454968422,synced
876.0,-235.04000000000002,-223.06636506069495,10.13717954588969,synced
877.0,-235.08,-223.02636506069496,10.179059284072062,synced
878.0,-235.12000000000003,-222.98636506069494,10.183162509039862,synced
879.0,-235.16,-222.94636506069494,10.176314384069517,synced
880.0,-235.20000000000002,-222.90636506069495,10.192739994965393,synced
881.0,-235.24,-222.86636506069496,10.232118521933176,synced
882.0,-235.28000000000003,-222.82636506069494,10.169716473559188,synced
883.0,-235.32000000000002,-222.78636506069495,10.098165419273498,synced
884.0,-235.36,-222.74636506069496,10.17318683996446,synced
885.0,-235.4,-222.70636506069496,10.207108532655107,synced
886.0,-235.44,-222.66636506069494,10.227686564534322,synced
887.0,-235.48000000000002,-222.62636506069495,10.246333998924161,synced
888.0,-235.52,-222.58636506069496,10.29933516151374,synced
889.0,-235.56000000000003,-222.54636506069494,10.30922130086781,synced
890.0,-235.6,-222.50636506069495,10.26972196605111,synced
891.0,-235.64000000000001,-222.46636506069495,10.39019142002348,synced
892.0,-235.68,-222.42636506069496,10.327414304080213,synced
893.0,-235.72,-222.38636506069494,10.229240723680505,synced
894.0,-235.76000000000002,-222.34636506069495,10.317542239826698,synced
895.0,-235.8,-222.30636506069496,10.304899108454391,synced
896.0,-235.84000000000003,-222.26636506069494,10.302525429182946,synced
897.0,-235.88,-222.22636506069495,10.394426837552096,synced
898.0,-235.92000000000002,-222.18636506069495,10.29835058026418,synced
899.0,-235.96,-222.14636506069496,10.2623849862504,synced
900.0,-236.00000000000003,-222.10636506069494,10.287185537376093,synced
901.0,-236.04000000000002,-222.06636506069495,10.176267857559345,synced
902.0,-236.08,-222.02636506069496,10.169902115602037,synced
903.0,-236.12000000000003,-221.98636506069494,10.106809550010142,synced
904.0,-236.16,-221.94636506069494,10.078120775798254,synced
905.0,-236.20000000000002,-221.90636506069495,10.024048154824245,synced
906.0,-236.24,-221.86636506069496,9.934788466951726,synced
907.0,-236.28000000000003,-221.82636506069494,9.996506101692754,synced
908.0,-236.32000000000002,-221.78636506069495,10.054540610436312,synced
909.0,-236.36,-221.74636506069496,10.040002028675692,synced
910.0,-236.4,-221.70636506069496,10.016957925824965,synced
911.0,-236.44,-221.66636506069494,9.995592316658946,synced
912.0,-236.48000000000002,-221.62636506069495,10.042562726909205,synced
913.0,-236.52,-221.58636506069496,10.050734949111018,synced
914.0,-236.56000000000003,-221.54636506069494,9.924821266487276,synced
915.0,-236.6,-221.50636506069495,9.951048463560374,synced
916.0,-236.64000000000001,-221.46636506069495,9.960675707322759,synced
917.0,-236.68,-221.42636506069496,10.057054709222246,synced
918.0,-236.72000000000003,-221.38636506069494,10.023269271986074,synced
919.0,-236.76000000000002,-221.34636506069495,10.08775108490967,synced
920.0,-236.8,-221.30636506069496,9.967639401415735,synced
921.0,-236.84000000000003,-221.26636506069494,9.943398446355362,synced
922.0,-236.88,-221.22636506069495,9.954459477566429,synced
923.0,-236.92000000000002,-221.18636506069495,9.983271537139904,synced
924.0,-236.96,-221.14636506069496,9.973053072157844,synced
925.0,-237.00000000000003,-221.10636506069494,9.98504587566601,synced
926.0,-237.04000000000002,-221.06636506069495,9.994174213776741,synced
927.0,-237.08,-221.02636506069496,9.956460021940977,synced
928.0,-237.12,-220.98636506069496,9.887215856663135,synced
929.0,-237.16,-220.94636506069494,9.827781116045514,synced
930.0,-237.20000000000002,-220.90636506069495,9.769371632648378,synced
931.0,-237.24,-220.86636506069496,9.68845771925722,synced
932.0,-237.28000000000003,-220.82636506069494,9.665851660918184,synced
933.0,-237.32000000000002,-220.78636506069495,9.69833378661461,synced
934.0,-237.36,-220.74636506069496,9.694457965900988,synced
935.0,-237.4,-220.70636506069496,9.652759873817446,synced
936.0,-237.44000000000003,-220.66636506069494,9.634695877502764,synced
937.0,-237.48000000000002,-220.62636506069495,9.682933351202239,synced
938.0,-237.52,-220.58636506069496,9.753545029242167,synced
939.0,-237.56000000000003,-220.54636506069494,9.66622202223727,synced
940.0,-237.6,-220.50636506069495,9.721486824427666,synced
941.0,-237.64000000000001,-220.46636506069495,9.829744855868155,synced
942.0,-237.68,-220.42636506069496,9.797210157975272,synced
943.0,-237.72000000000003,-220.38636506069494,9.851393015425785,synced
944.0,-237.76000000000002,-220.34636506069495,9.852250629235087,synced
945.0,-237.8,-220.30636506069496,9.932728318642031,synced
946.0,-237.84000000000003,-220.26636506069494,9.972381363312882,synced
947.0,-237.88,-220.22636506069495,9.956995145035702,synced
948.0,-237.92000000000002,-220.18636506069495,9.973291832143904,synced
949.0,-237.96,-220.14636506069496,9.971634667586688,synced
950.0,-238.00000000000003,-220.10636506069494,9.97428651042656,synced
951.0,-238.04000000000002,-220.06636506069495,10.047695875756684,synced
952.0,-238.08,-220.02636506069496,9.981176127128288,synced
953.0,-238.12,-219.98636506069496,9.860476177719569,synced
954.0,-238.16,-219.94636506069494,9.804446941072436,synced
955.0,-238.20000000000002,-219.90636506069495,9.886818475000808,synced
956.0,-238.24,-219.86636506069496,9.937095297797516,synced
957.0,-238.28000000000003,-219.82636506069494,10.029906653761744,synced
958.0,-238.32,-219.78636506069495,9.905491260580712,synced
959.0,-238.36,-219.74636506069496,9.935065445074247,synced
960.0,-238.4,-219.70636506069496,9.97928972743209,synced
961.0,-238.44000000000003,-219.66636506069494,9.915793278184287,synced
962.0,-238.48000000000002,-219.62636506069495,9.9818324346774,synced
963.0,-238.52,-219.58636506069496,10.034335632771452,synced
964.0,-238.56000000000003,-219.54636506069494,10.025602906335362,synced
965.0,-238.6,-219.50636506069495,10.037531092236984,synced
966.0,-238.64000000000001,-219.46636506069495,10.104015306804603,synced
967.0,-238.68,-219.42636506069496,10.120948546486265,synced
968.0,-238.72000000000003,-219.38636506069494,10.160057534449567,synced
969.0,-238.76000000000002,-219.34636506069495,10.184481107626265,synced
970.0,-238.8,-219.30636506069496,10.115498241076798,synced
971.0,-238.84000000000003,-219.26636506069494,10.08769253679731,synced
972.0,-238.88,-219.22636506069495,10.085313038970533,synced
973.0,-238.92000000000002,-219.18636506069495,10.076384663983223,synced
974.0,-238.96,-219.14636506069496,10.040759664869697,synced
975.0,-239.00000000000003,-219.10636506069494,10.084481626371211,synced
976.0,-239.04000000000002,-219.06636506069492,10.097285969611708,synced
977.0,-239.08,-219.02636506069496,10.20733975056054,synced
978.0,-239.12,-218.98636506069496,10.151051672488032,synced
979.0,-239.16000000000003,-218.94636506069494,10.13143486772075,synced
980.0,-239.20000000000002,-218.90636506069495,10.09038342215085,synced
981.0,-239.24,-218.86636506069496,10.117696970916217,synced
982.0,-239.28000000000003,-218.82636506069494,10.20107394272743,synced
983.0,-239.32,-218.78636506069495,10.189605766271786,synced
984.0,-239.36,-218.74636506069496,10.17767499490957,synced
985.0,-239.4,-218.70636506069496,10.179883783805439,synced
986.0,-239.44000000000003,-218.66636506069494,10.098973618054147,synced
987.0,-239.48000000000002,-218.62636506069495,10.119069046691076,synced
988.0,-239.52,-218.58636506069496,10.19531075810201,synced
989.0,-239.56000000000003,-218.54636506069494,10.1861050750022,synced
990.0,-239.6,-218.50636506069495,10.123041766273294,synced
991.0,-239.64000000000001,-218.46636506069495,10.168395781200879,synced
992.0,-239.68,-218.42636506069496,10.23123261918249,synced
993.0,-239.72000000000003,-218.38636506069494,10.35726117887667,synced
994.0,-239.76000000000002,-218.34636506069495,10.313049547246377,synced
995.0,-239.8,-218.30636506069496,10.24611843772788,synced
996.0,-239.84,-218.26636506069497,10.254648299369535,synced
997.0,-239.88000000000002,-218.22636506069495,10.164893291480432,synced
998.0,-239.92000000000002,-218.18636506069495,10.216100736475136,synced
999.0,-239.96,-218.14636506069496,10.134984023157296,synced
1000.0,-240.00000000000003,-218.10636506069494,10.142485286337822,synced
1001.0,-240.04000000000002,-218.06636506069492,10.179782025451278,synced
1002.0,-240.08,-218.02636506069496,10.227276797684981,synced
1003.0,-240.12,-217.98636506069496,10.17793380750423,synced
1004.0,-240.16000000000003,-217.94636506069494,10.13387207577332,synced
1005.0,-240.20000000000002,-217.90636506069495,10.102006078090309,synced
1006.0,-240.24,-217.86636506069496,10.117738126635633,synced
1007.0,-240.28000000000003,-217.82636506069494,10.023103131407723,synced
1008.0,-240.32,-217.78636506069495,10.008744500414918,synced
1009.0,-240.36,-217.74636506069496,10.018359232466079,synced
1010.0,-240.4,-217.70636506069496,9.992722372782204,synced
1011.0,-240.44000000000003,-217.66636506069494,9.936805342631056,synced
1012.0,-240.48000000000002,-217.62636506069495,9.971140981917065,synced
1013.0,-240.52,-217.58636506069496,9.908082390353206,synced
1014.0,-240.56000000000003,-217.54636506069494,9.86626661010459,synced
1015.0,-240.6,-217.50636506069495,9.92973360516669,synced
1016.0,-240.64000000000001,-217.46636506069495,9.91502280137957,synced
1017.0,-240.68,-217.42636506069496,9.92397177218865,synced
1018.0,-240.72000000000003,-217.38636506069494,9.744687785083917,synced
1019.0,-240.76000000000002,-217.34636506069492,9.749331084528245,synced
1020.0,-240.8,-217.30636506069496,9.731074058627609,synced
1021.0,-240.84,-217.26636506069497,9.680840991917044,synced
1022.0,-240.88000000000002,-217.22636506069495,9.762917277424094,synced
1023.0,-240.92000000000002,-217.18636506069495,9.90507213338626,synced
1024.0,-240.96,-217.14636506069496,9.945649812561852,synced
1025.0,-241.00000000000003,-217.10636506069494,9.955301966716096,synced
1026.0,-241.04,-217.06636506069495,10.07142025595542,synced
1027.0,-241.08,-217.02636506069496,10.12789049599827,synced
1028.0,-241.12,-216.98636506069496,10.03252959409162,synced
1029.0,-241.16000000000003,-216.94636506069494,10.09682714082047,synced
1030.0,-241.20000000000002,-216.90636506069495,10.152631952739382,synced
1031.0,-241.24,-216.86636506069496,10.12228132331902,synced
1032.0,-241.28000000000003,-216.82636506069494,10.094437676528594,synced
1033.0,-241.32,-216.78636506069495,10.01287726317246,synced
1034.0,-241.36,-216.74636506069496,9.978492524476328,synced
1035.0,-241.4,-216.70636506069496,10.05131283924049,synced
1036.0,-241.44000000000003,-216.66636506069494,9.918141407054993,synced
1037.0,-241.48000000000002,-216.62636506069492,9.845387841716068,synced
1038.0,-241.52,-216.58636506069496,9.796086660905617,synced
1039.0,-241.56000000000003,-216.54636506069494,9.858139150838163,synced
1040.0,-241.60000000000002,-216.50636506069495,9.792517188972338,synced
1041.0,-241.64000000000001,-216.46636506069495,9.806074941788006,synced
1042.0,-241.68,-216.42636506069496,9.752197765467818,synced
1043.0,-241.72000000000003,-216.38636506069494,9.692902955480031,synced
1044.0,-241.76000000000002,-216.34636506069492,9.62619454223121,synced
1045.0,-241.8,-216.30636506069496,9.633187349302796,synced
1046.0,-241.84,-216.26636506069497,9.592814475931078,synced
1047.0,-241.88000000000002,-216.22636506069495,9.668356315361033,synced
1048.0,-241.92000000000002,-216.18636506069495,9.815364031361574,synced
1049.0,-241.96,-216.14636506069496,9.771076940580741,synced
1050.0,-242.00000000000003,-216.10636506069494,9.743895926055208,synced
1051.0,-242.04,-216.06636506069495,9.855528674398318,synced
1052.0,-242.08,-216.02636506069496,9.824829569025306,synced
1053.0,-242.12,-215.98636506069496,9.897397605343222,synced
1054.0,-242.16000000000003,-215.94636506069494,9.908847234059493,synced
1055.0,-242.20000000000002,-215.90636506069495,9.894540217030123,synced
1056.0,-242.24,-215.86636506069496,9.940557304185916,synced
1057.0,-242.28000000000003,-215.82636506069494,9.896122939325513,synced
1058.0,-242.32000000000002,-215.78636506069495,9.964931842192076,synced
1059.0,-242.36,-215.74636506069496,9.9594503011039,synced
1060.0,-242.4,-215.70636506069496,10.030277201223987,synced
1061.0,-242.44000000000003,-215.66636506069494,10.070919725842204,synced
1062.0,-242.48000000000002,-215.62636506069492,10.156372407185394,synced
1063.0,-242.52,-215.58636506069496,10.128364668506833,synced
1064.0,-242.56,-215.54636506069497,10.04668058609931,synced
1065.0,-242.60000000000002,-215.50636506069495,9.914458720954505,synced
1066.0,-242.64000000000001,-215.46636506069495,9.861831272572786,synced
1067.0,-242.68,-215.42636506069496,9.8413970988995,synced
1068.0,-242.72000000000003,-215.38636506069494,9.895459764167391,synced
1069.0,-242.76000000000002,-215.34636506069492,9.973260959993125,synced
1070.0,-242.8,-215.30636506069496,9.935464775806896,synced
1071.0,-242.84,-215.26636506069497,9.886075411340483,synced
1072.0,-242.88000000000002,-215.22636506069495,9.87251662527308,synced
1073.0,-242.92000000000002,-215.18636506069495,9.88323121260093,synced
1074.0,-242.96,-215.14636506069496,9.997993525026644,synced
1075.0,-243.00000000000003,-215.10636506069494,9.99424136306501,synced
1076.0,-243.04,-215.06636506069495,9.986007745720975,synced
1077.0,-243.08,-215.02636506069496,10.099473994508307,synced
1078.0,-243.12,-214.98636506069496,10.109570629888598,synced
1079.0,-243.16000000000003,-214.94636506069494,10.151257046943307,synced
1080.0,-243.20000000000002,-214.90636506069492,10.151681663389866,synced
1081.0,-243.24,-214.86636506069496,10.020709972667547,synced
1082.0,-243.28000000000003,-214.82636506069494,10.039838951836245,synced
1083.0,-243.32000000000002,-214.78636506069495,10.059562544238426,synced
1084.0,-243.36,-214.74636506069496,10.081370462136501,synced
1085.0,-243.4,-214.70636506069496,10.107589979078902,synced
1086.0,-243.44000000000003,-214.66636506069494,10.148381263899637,synced
1087.0,-243.48000000000002,-214.62636506069492,10.215587596033055,synced
1088.0,-243.52,-214.58636506069496,10.18653733227201,synced
1089.0,-243.56,-214.54636506069497,10.229468916360645,synced
1090.0,-243.60000000000002,-214.50636506069495,10.304522207135957,synced
1091.0,-243.64000000000001,-214.46636506069495,10.264776140805647,synced
1092.0,-243.68,-214.42636506069496,10.226348704995585,synced
1093.0,-243.72000000000003,-214.38636506069494,10.203314683247838,synced
1094.0,-243.76,-214.34636506069495,10.225538285097285,synced
1095.0,-243.8,-214.30636506069496,10.309219917619544,synced
1096.0,-243.84,-214.26636506069497,10.17239477208956,synced
1097.0,-243.88000000000002,-214.22636506069495,10.131764338569326,synced
1098.0,-243.92000000000002,-214.18636506069492,10.092216352699996,synced
1099.0,-243.96,-214.14636506069496,10.066243258909841,synced
1100.0,-244.00000000000003,-214.10636506069494,10.010721942152468,synced
1101.0,-244.04000000000002,-214.06636506069495,10.063121410279791,synced
1102.0,-244.08,-214.02636506069496,9.92747381373027,synced
1103.0,-244.12,-213.98636506069496,9.942972616798329,synced
1104.0,-244.16000000000003,-213.94636506069494,9.904038246880464,synced
1105.0,-244.20000000000002,-213.90636506069492,9.905247578354093,synced
1106.0,-244.24,-213.86636506069496,9.940010578679631,synced
1107.0,-244.28000000000003,-213.82636506069494,9.96975981445239,synced
1108.0,-244.32000000000002,-213.78636506069495,9.969344544954877,synced
1109.0,-244.36,-213.74636506069496,10.03474872737556,synced
1110.0,-244.4,-213.70636506069496,9.928184156259206,synced
1111.0,-244.44000000000003,-213.66636506069494,9.9318785691766,synced
1112.0,-244.48000000000002,-213.62636506069492,9.88302233570576,synced
1113.0,-244.52,-213.58636506069496,9.829144993723894,synced
1114.0,-244.56,-213.54636506069497,9.868243222699386,synced
1115.0,-244.60000000000002,-213.50636506069495,9.804104938591795,synced
1116.0,-244.64000000000001,-213.46636506069495,9.72612169275,synced
1117.0,-244.68,-213.42636506069496,9.608781092318358,synced
1118.0,-244.72000000000003,-213.38636506069494,9.680452255711568,synced
1119.0,-244.76000000000002,-213.34636506069495,9.762713485918479,synced
1120.0,-244.8,-213.30636506069496,9.825940737270583,synced
1121.0,-244.84,-213.26636506069497,9.824990939497846,synced
1122.0,-244.88000000000002,-213.22636506069495,9.767515749307426,synced
1123.0,-244.92000000000002,-213.18636506069492,9.749171551485276,synced
1124.0,-244.96,-213.14636506069496,9.697629825469928,synced
1125.0,-245.00000000000003,-213.10636506069494,9.556808800515043,synced
1126.0,-245.04000000000002,-213.06636506069495,9.476241452739231,synced
1127.0,-245.08,-213.02636506069496,9.479221756321571,synced
1128.0,-245.12,-212.98636506069496,9.511657903730791,synced
1129.0,-245.16000000000003,-212.94636506069494,9.512926312868958,synced
1130.0,-245.20000000000002,-212.90636506069492,9.565618866392706,synced
1131.0,-245.24,-212.86636506069496,9.554893401168746,synced
1132.0,-245.28,-212.82636506069497,9.588270071317156,synced
1133.0,-245.32000000000002,-212.78636506069495,9.58416544641466,synced
1134.0,-245.36,-212.74636506069496,9.660783273297474,synced
1135.0,-245.4,-212.70636506069496,9.67729840901116,synced
1136.0,-245.44000000000003,-212.66636506069494,9.746654917190122,synced
1137.0,-245.48000000000002,-212.62636506069492,9.69698440939598,synced
1138.0,-245.52,-212.58636506069496,9.689144049811027,synced
1139.0,-245.56,-212.54636506069497,9.719313872062651,synced
1140.0,-245.60000000000002,-212.50636506069495,9.838748870764885,synced
1141.0,-245.64000000000001,-212.46636506069493,9.754255045007765,synced
1142.0,-245.68,-212.42636506069496,9.734103121202125,synced
1143.0,-245.72000000000003,-212.38636506069494,9.693263225370258,synced
1144.0,-245.76000000000002,-212.34636506069495,9.70617049492431,synced
1145.0,-245.8,-212.30636506069496,9.745065907642624,synced
1146.0,-245.84,-212.26636506069497,9.743138262217787,synced
1147.0,-245.88000000000002,-212.22636506069495,9.756938659110286,synced
1148.0,-245.92000000000002,-212.18636506069492,9.789632844289963,synced
1149.0,-245.96,-212.14636506069496,9.895509476033986,synced
1150.0,-246.00000000000003,-212.10636506069494,9.908661721781398,synced
1151.0,-246.04000000000002,-212.06636506069495,9.875562621781658,synced
1152.0,-246.08,-212.02636506069496,9.850516601792759,synced
1153.0,-246.12,-211.98636506069496,9.885659689099658,synced
1154.0,-246.16000000000003,-211.94636506069494,9.808411746358159,synced
1155.0,-246.20000000000002,-211.90636506069492,9.921557504904504,synced
1156.0,-246.24,-211.86636506069496,9.881310743461992,synced
1157.0,-246.28,-211.82636506069497,9.868902489592102,synced
1158.0,-246.32000000000002,-211.78636506069495,9.840817304660327,synced
1159.0,-246.36,-211.74636506069493,9.770303287120225,synced
1160.0,-246.4,-211.70636506069496,9.86069257684316,synced
1161.0,-246.44000000000003,-211.66636506069494,9.944951618870935,synced
1162.0,-246.48000000000002,-211.62636506069495,9.910233788734235,synced
1163.0,-246.52,-211.58636506069496,9.983584277168278,synced
1164.0,-246.56,-211.54636506069497,10.028095960149919,synced
1165.0,-246.60000000000002,-211.50636506069495,9.98520996060992,synced
1166.0,-246.64000000000001,-211.46636506069493,10.007469225336324,synced
1167.0,-246.68,-211.42636506069496,9.972444616646287,synced
1168.0,-246.72000000000003,-211.38636506069494,9.974309022222988,synced
1169.0,-246.76000000000002,-211.34636506069495,9.971673015971849,synced
1170.0,-246.8,-211.30636506069496,9.980158850173948,synced
1171.0,-246.84,-211.26636506069497,9.952177838775805,synced
1172.0,-246.88000000000002,-211.22636506069495,9.919200721929228,synced
1173.0,-246.92000000000002,-211.18636506069492,9.961094861488217,synced
1174.0,-246.96,-211.14636506069496,9.919561844390662,synced
1175.0,-247.00000000000003,-211.10636506069494,9.803579517050077,synced
1176.0,-247.04000000000002,-211.06636506069495,9.892119665167092,synced
1177.0,-247.08,-211.02636506069496,9.860449658605136,synced
1178.0,-247.12,-210.98636506069496,9.896921236393297,synced
1179.0,-247.16000000000003,-210.94636506069494,9.994351747236424,synced
1180.0,-247.20000000000002,-210.90636506069492,9.937602615074482,synced
1181.0,-247.24,-210.86636506069496,9.862496784931702,synced
1182.0,-247.28,-210.82636506069497,9.842369180930566,synced
1183.0,-247.32000000000002,-210.78636506069495,9.791359480861933,synced
1184.0,-247.36,-210.74636506069493,9.721697608793988,synced
1185.0,-247.4,-210.70636506069496,9.731972724253247,synced
1186.0,-247.44000000000003,-210.66636506069494,9.807712394445666,synced
1187.0,-247.48000000000002,-210.62636506069495,9.868947911675335,synced
1188.0,-247.52,-210.58636506069496,9.894629657658193,synced
1189.0,-247.56,-210.54636506069497,9.846991814567135,synced
1190.0,-247.60000000000002,-210.50636506069495,9.903653592781502,synced
1191.0,-247.64000000000001,-210.46636506069493,9.916182330938744,synced
1192.0,-247.68,-210.42636506069496,10.000613480363823,synced
1193.0,-247.72000000000003,-210.38636506069494,10.036385197492642,synced
1194.0,-247.76000000000002,-210.34636506069495,10.10033275914332,synced
1195.0,-247.8,-210.30636506069496,10.018279330916952,synced
1196.0,-247.84,-210.26636506069497,10.110241042310369,synced
1197.0,-247.88000000000002,-210.22636506069495,10.125810300354033,synced
1198.0,-247.92000000000002,-210.18636506069492,10.040961684115196,synced
1199.0,-247.96,-210.14636506069496,9.939700876638312,synced
1200.0,-248.0,-210.10636506069497,10.047641007243453,synced
1201.0,-248.04000000000002,-210.06636506069495,10.050431156220036,synced
1202.0,-248.08,-210.02636506069493,10.038300719726307,synced
1203.0,-248.12,-209.98636506069496,10.106446089968108,synced
1204.0,-248.16000000000003,-209.94636506069494,10.024114195747503,synced
1205.0,-248.20000000000005,-209.90636506069492,10.037048140065814,synced
1206.0,-248.24,-209.86636506069496,10.028977000216294,synced
1207.0,-248.28,-209.82636506069497,9.993831081253818,synced
1208.0,-248.32000000000002,-209.78636506069495,10.100558603831217,synced
1209.0,-248.36,-209.74636506069493,10.152256087868405,synced
1210.0,-248.4,-209.70636506069496,10.084868958403382,synced
1211.0,-248.44000000000003,-209.66636506069494,9.953989925485962,synced
1212.0,-248.48000000000002,-209.62636506069495,9.954265710771516,synced
1213.0,-248.52,-209.58636506069496,9.928875573220058,synced
1214.0,-248.56,-209.54636506069497,9.828159944573311,synced
1215.0,-248.60000000000002,-209.50636506069495,9.839698354811077,synced
1216.0,-248.64000000000001,-209.46636506069493,9.890075279253342,synced
1217.0,-248.68,-209.42636506069496,9.852916743747858,synced
1218.0,-248.72000000000003,-209.38636506069494,9.903582453738014,synced
1219.0,-248.76000000000002,-209.34636506069495,9.824216814370013,synced
1220.0,-248.8,-209.30636506069493,9.921687858657796,synced
1221.0,-248.84,-209.26636506069497,9.911821157347456,synced
1222.0,-248.88000000000002,-209.22636506069495,9.809524817587178,synced
1223.0,-248.92000000000002,-209.18636506069492,9.79987192954826,synced
1224.0,-248.96,-209.14636506069496,9.878896190938152,synced
1225.0,-249.0,-209.10636506069497,9.777747048760387,synced
1226.0,-249.04000000000002,-209.06636506069495,9.86390454320346,synced
1227.0,-249.08,-209.02636506069493,9.844620936233756,synced
1228.0,-249.12,-208.98636506069496,9.875021993678706,synced
1229.0,-249.16000000000003,-208.94636506069494,9.876351151134777,synced
1230.0,-249.20000000000002,-208.90636506069495,9.897585005325338,synced
1231.0,-249.24,-208.86636506069496,9.844591793688961,synced
1232.0,-249.28,-208.82636506069497,9.89751488001972,synced
1233.0,-249.32000000000002,-208.78636506069495,9.951880464400265,synced
1234.0,-249.36,-208.74636506069493,9.912546182114069,synced
1235.0,-249.4,-208.70636506069496,9.88823481408485,synced
1236.0,-249.44000000000003,-208.66636506069494,9.958593388467218,synced
1237.0,-249.48000000000002,-208.62636506069495,10.040107482638088,synced
1238.0,-249.52,-208.58636506069496,10.016911238091675,synced
1239.0,-249.56,-208.54636506069497,10.033645084937149,synced
1240.0,-249.60000000000002,-208.50636506069495,9.959797586369834,synced
1241.0,-249.64000000000001,-208.46636506069493,9.908482087176761,synced
1242.0,-249.68,-208.42636506069496,9.84988636641665,synced
1243.0,-249.72000000000003,-208.38636506069494,9.817400658579501,synced
1244.0,-249.76000000000002,-208.34636506069495,9.796331848887647,synced
1245.0,-249.8,-208.30636506069493,9.839276034665472,synced
1246.0,-249.84,-208.26636506069497,9.965880850318436,synced
1247.0,-249.88000000000002,-208.22636506069495,10.01639764733267,synced
1248.0,-249.92000000000004,-208.18636506069492,10.11442232305962,synced
1249.0,-249.96,-208.14636506069496,10.005590783771195,synced
1250.0,-250.0,-208.10636506069497,9.966982895073057,synced
1251.0,-250.04000000000005,-208.06636506069492,9.959620636274009,synced
1252.0,-250.08,-208.02636506069493,9.98677724644792,synced
1253.0,-250.12,-207.98636506069496,9.919972858953491,synced
1254.0,-250.16,-207.94636506069497,9.936386853095696,synced
1255.0,-250.20000000000005,-207.90636506069492,9.857062231844404,synced
1256.0,-250.24,-207.86636506069496,9.88357240396462,synced
1257.0,-250.28,-207.82636506069497,9.930485964115165,synced
1258.0,-250.32,-207.78636506069498,9.86545392109986,synced
1259.0,-250.36,-207.74636506069493,9.804636475239798,synced
1260.0,-250.4,-207.70636506069496,9.78844400253423,synced
1261.0,-250.44,-207.66636506069497,9.800024770774824,synced
1262.0,-250.48000000000005,-207.62636506069492,9.828707062930986,synced
1263.0,-250.52,-207.58636506069493,9.865324751821836,synced
1264.0,-250.56,-207.54636506069497,9.824747326529188,synced
1265.0,-250.60000000000005,-207.50636506069492,9.758820792128752,synced
1266.0,-250.64000000000004,-207.46636506069493,9.772581406791382,synced
1267.0,-250.68,-207.42636506069496,9.835996204688808,synced
1268.0,-250.72,-207.38636506069497,9.92338567282211,synced
1269.0,-250.76000000000005,-207.34636506069492,10.029271374678379,synced
1270.0,-250.8,-207.30636506069493,9.986126773601473,synced
1271.0,-250.84,-207.26636506069497,9.871838390508286,synced
1272.0,-250.88,-207.22636506069497,9.938762381545175,synced
1273.0,-250.92000000000004,-207.18636506069492,9.834401808002212,synced
1274.0,-250.96,-207.14636506069496,9.809969006289082,synced
1275.0,-251.0,-207.10636506069497,9.897156103406523,synced
1276.0,-251.04000000000005,-207.06636506069492,10.010318485633968,synced
1277.0,-251.08,-207.02636506069493,9.919203837848306,synced
1278.0,-251.12,-206.98636506069496,9.914739272986834,synced
1279.0,-251.16,-206.94636506069497,9.878647797435358,synced
1280.0,-251.20000000000005,-206.90636506069492,9.890627836300403,synced
1281.0,-251.24,-206.86636506069493,9.934818271099571,synced
1282.0,-251.28,-206.82636506069497,9.836046996064551,synced
1283.0,-251.32,-206.78636506069498,9.772135957343025,synced
1284.0,-251.36,-206.74636506069493,9.800630913956748,synced
1285.0,-251.4,-206.70636506069496,9.72144598670574,synced
1286.0,-251.44,-206.66636506069497,9.736763346491928,synced
1287.0,-251.48000000000005,-206.62636506069492,9.717852316872195,synced
1288.0,-251.52,-206.58636506069493,9.696656871773179,synced
1289.0,-251.56,-206.54636506069497,9.676066545776074,synced
1290.0,-251.60000000000005,-206.50636506069492,9.65853203372588,synced
1291.0,-251.64000000000004,-206.46636506069493,9.679540927531788,synced
1292.0,-251.68,-206.42636506069496,9.755526710593793,synced
1293.0,-251.72,-206.38636506069497,9.751058433434462,synced
1294.0,-251.76000000000005,-206.34636506069492,9.722166082591798,synced
1295.0,-251.8,-206.30636506069493,9.692372369947467,synced
1296.0,-251.84,-206.26636506069497,9.622378510516311,synced
1297.0,-251.88,-206.22636506069497,9.691175126604223,synced
1298.0,-251.92000000000004,-206.18636506069492,9.680817048537099,synced
1299.0,-251.96,-206.14636506069496,9.639583870053759,synced
1300.0,-252.0,-206.10636506069497,9.643275702202025,synced
1301.0,-252.04000000000005,-206.06636506069492,9.678380050356317,synced
1302.0,-252.08,-206.02636506069493,9.662821287586858,synced
1303.0,-252.12,-205.98636506069496,9.725393576771546,synced
1304.0,-252.16,-205.94636506069497,9.654066097080111,synced
1305.0,-252.20000000000005,-205.90636506069492,9.648876389615063,synced
1306.0,-252.24,-205.86636506069493,9.700998821390305,synced
1307.0,-252.28,-205.82636506069497,9.71642274342957,synced
1308.0,-252.32,-205.78636506069498,9.814820943372965,synced
1309.0,-252.36000000000004,-205.74636506069493,9.713525700671521,synced
1310.0,-252.4,-205.70636506069496,9.706538863253567,synced
1311.0,-252.44,-205.66636506069497,9.700106775717671,synced
1312.0,-252.48000000000005,-205.62636506069492,9.689761281660852,synced
1313.0,-252.52,-205.58636506069493,9.558838815067638,synced
1314.0,-252.56,-205.54636506069497,9.663403365883116,synced
1315.0,-252.6,-205.50636506069497,9.669859247572465,synced
1316.0,-252.64000000000004,-205.46636506069493,9.698597017361726,synced
1317.0,-252.68,-205.42636506069496,9.656331322022037,synced
1318.0,-252.72,-205.38636506069497,9.777008533964903,synced
1319.0,-252.76,-205.34636506069498,9.72428113849938,synced
1320.0,-252.8,-205.30636506069493,9.7639565573156,synced
1321.0,-252.84,-205.26636506069497,9.756828145772056,synced
1322.0,-252.88,-205.22636506069497,9.732654292395171,synced
1323.0,-252.92000000000004,-205.18636506069492,9.708987689583726,synced
1324.0,-252.96,-205.14636506069493,9.769989364327659,synced
1325.0,-253.0,-205.10636506069497,9.690712370781535,synced
1326.0,-253.04000000000005,-205.06636506069492,9.737249818144194,synced
1327.0,-253.08000000000004,-205.02636506069493,9.671897581721268,synced
1328.0,-253.12,-204.98636506069496,9.798513112639185,synced
1329.0,-253.16,-204.94636506069497,9.774851247041195,synced
1330.0,-253.20000000000005,-204.90636506069492,9.694885413763538,synced
1331.0,-253.24,-204.86636506069493,9.59330343286266,synced
1332.0,-253.28,-204.82636506069497,9.617599413820678,synced
1333.0,-253.32,-204.78636506069498,9.689877016781951,synced
1334.0,-253.36000000000004,-204.74636506069493,9.736711023518419,synced
1335.0,-253.4,-204.70636506069496,9.793205260675425,synced
1336.0,-253.44,-204.66636506069497,9.906779535502396,synced
1337.0,-253.48000000000005,-204.62636506069492,9.792164350180515,synced
1338.0,-253.52,-204.58636506069493,9.703639096701078,synced
1339.0,-253.56,-204.54636506069497,9.661172418854475,synced
1340.0,-253.6,-204.50636506069497,9.704931622733671,synced
1341.0,-253.64000000000004,-204.46636506069493,9.71179213336304,synced
1342.0,-253.68,-204.42636506069493,9.606784805276936,synced
1343.0,-253.72,-204.38636506069497,9.579454276049892,synced
1344.0,-253.76,-204.34636506069498,9.640176775661146,synced
1345.0,-253.8,-204.30636506069493,9.597090758713984,synced
1346.0,-253.84,-204.26636506069497,9.59583343182513,synced
1347.0,-253.88,-204.22636506069497,9.662469475316431,synced
1348.0,-253.92000000000004,-204.18636506069492,9.620545438076833,synced
1349.0,-253.96,-204.14636506069493,9.659775000039533,synced
1350.0,-254.0,-204.10636506069497,9.642861695071115,synced
1351.0,-254.04000000000005,-204.06636506069492,9.691989928582112,synced
1352.0,-254.08000000000004,-204.02636506069493,9.766834738643121,synced
1353.0,-254.12,-203.98636506069496,9.734474655201552,synced
1354.0,-254.16,-203.94636506069497,9.774980993692672,synced
1355.0,-254.20000000000005,-203.90636506069492,9.709140746775342,synced
1356.0,-254.24,-203.86636506069493,9.678129335984858,synced
1357.0,-254.28,-203.82636506069497,9.714979011764434,synced
1358.0,-254.32,-203.78636506069498,9.658167935463036,synced
1359.0,-254.36000000000004,-203.74636506069493,9.68777709419799,synced
1360.0,-254.4,-203.70636506069496,9.738891865347654,synced
1361.0,-254.44,-203.66636506069497,9.73123511073451,synced
1362.0,-254.48000000000005,-203.62636506069492,9.667056306097543,synced
1363.0,-254.52,-203.58636506069493,9.786606791265944,synced
1364.0,-254.56,-203.54636506069497,9.843212316517747,synced
1365.0,-254.6,-203.50636506069497,9.905874752950183,synced
1366.0,-254.64000000000004,-203.46636506069493,9.989095839148504,synced
1367.0,-254.68,-203.42636506069493,10.097153149933952,synced
1368.0,-254.72,-203.38636506069497,10.118091378965827,synced
1369.0,-254.76,-203.34636506069498,10.200623583303647,synced
1370.0,-254.80000000000004,-203.30636506069493,10.22780799377912,synced
1371.0,-254.84,-203.26636506069497,10.12210970707031,synced
1372.0,-254.88,-203.22636506069497,10.036873730022155,synced
1373.0,-254.92000000000004,-203.18636506069492,10.004119460304855,synced
1374.0,-254.96,-203.14636506069493,10.06599214100437,synced
1375.0,-255.0,-203.10636506069497,9.975365808928688,synced
1376.0,-255.04000000000005,-203.06636506069492,10.024284648857822,synced
1377.0,-255.08000000000004,-203.02636506069493,9.937973738644635,synced
1378.0,-255.12,-202.98636506069496,10.07172192549835,synced
1379.0,-255.16,-202.94636506069497,10.135379004100663,synced
1380.0,-255.20000000000005,-202.90636506069492,10.132922302219294,synced
1381.0,-255.24,-202.86636506069493,10.21111323732521,synced
1382.0,-255.28,-202.82636506069497,10.271583061805812,synced
1383.0,-255.32,-202.78636506069498,10.335707327682547,synced
1384.0,-255.36000000000004,-202.74636506069493,10.299422913306572,synced
1385.0,-255.4,-202.70636506069494,10.404949380470901,synced
1386.0,-255.44,-202.66636506069497,10.328060355500046,synced
1387.0,-255.48000000000005,-202.62636506069492,10.228656191916679,synced
1388.0,-255.52000000000004,-202.58636506069493,10.355432990877128,synced
1389.0,-255.56,-202.54636506069497,10.287381957926945,synced
1390.0,-255.6,-202.50636506069497,10.316944785632137,synced
1391.0,-255.64000000000004,-202.46636506069493,10.253805576665886,synced
1392.0,-255.68,-202.42636506069493,10.304804522212441,synced
1393.0,-255.72,-202.38636506069497,10.349156935296755,synced
1394.0,-255.76,-202.34636506069498,10.382144391648252,synced
1395.0,-255.80000000000004,-202.30636506069493,10.486870343463405,synced
1396.0,-255.84,-202.26636506069497,10.53696469181767,synced
1397.0,-255.88,-202.22636506069497,10.447747320393274,synced
1398.0,-255.92000000000004,-202.18636506069492,10.349567776637453,synced
1399.0,-255.96,-202.14636506069493,10.248533890124618,synced
1400.0,-256.0,-202.10636506069497,10.25982997134714,synced
1401.0,-256.04,-202.06636506069492,10.129035745846004,synced
1402.0,-256.08000000000004,-202.02636506069493,10.086883920487622,synced
1403.0,-256.12,-201.98636506069494,10.094721685746988,synced
1404.0,-256.16,-201.94636506069497,10.160830924055924,synced
1405.0,-256.20000000000005,-201.90636506069492,10.14927631325649,synced
1406.0,-256.24,-201.86636506069493,10.1181464008597,synced
1407.0,-256.28000000000003,-201.82636506069497,10.048497617268199,synced
1408.0,-256.32,-201.78636506069498,9.960456588578609,synced
1409.0,-256.36,-201.74636506069493,9.908829303538925,synced
1410.0,-256.40000000000003,-201.70636506069494,9.86581768248454,synced
1411.0,-256.44,-201.66636506069497,9.893727240302297,synced
1412.0,-256.48,-201.62636506069492,10.0060739645835,synced
1413.0,-256.52000000000004,-201.58636506069493,9.99592732664259,synced
1414.0,-256.56,-201.54636506069497,9.92820132227984,synced
1415.0,-256.6,-201.50636506069497,9.846584950457066,synced
1416.0,-256.64000000000004,-201.46636506069493,9.925467223476813,synced
1417.0,-256.68,-201.42636506069493,10.005526867620102,synced
1418.0,-256.72,-201.38636506069497,10.00396851046817,synced
1419.0,-256.76,-201.34636506069498,10.050465518461838,synced
1420.0,-256.8,-201.30636506069493,10.108309630333629,synced
1421.0,-256.84000000000003,-201.26636506069497,10.14648674216767,synced
1422.0,-256.88,-201.22636506069497,10.100919957326425,synced
1423.0,-256.92,-201.18636506069492,10.111803322869623,synced
1424.0,-256.96000000000004,-201.14636506069493,10.047386303995626,synced
1425.0,-257.0,-201.10636506069497,10.04719930132647,synced
1426.0,-257.04,-201.06636506069492,10.085767759014347,synced
1427.0,-257.08000000000004,-201.02636506069493,10.084215075252645,synced
1428.0,-257.12,-200.98636506069494,10.07566905769769,synced
1429.0,-257.16,-200.94636506069497,10.201966195805989,synced
1430.0,-257.20000000000005,-200.90636506069492,10.144337352800042,synced
1431.0,-257.24,-200.86636506069493,10.16629105825076,synced
1432.0,-257.28000000000003,-200.82636506069497,9.985437566328887,synced
1433.0,-257.32,-200.78636506069498,10.009453870361396,synced
1434.0,-257.36,-200.74636506069493,9.931388920152967,synced
1435.0,-257.40000000000003,-200.70636506069494,9.7692807659448,synced
1436.0,-257.44,-200.66636506069497,9.784429509867687,synced
1437.0,-257.48,-200.62636506069492,9.81890689917822,synced
1438.0,-257.52000000000004,-200.58636506069493,9.830090108097156,synced
1439.0,-257.56,-200.54636506069497,9.885008500305242,synced
1440.0,-257.6,-200.50636506069497,9.771883031007428,synced
1441.0,-257.64000000000004,-200.46636506069493,9.81355942433551,synced
1442.0,-257.68,-200.42636506069493,9.849102396350922,synced
1443.0,-257.72,-200.38636506069497,9.86504262009097,synced
1444.0,-257.76,-200.34636506069498,9.947893669528362,synced
1445.0,-257.8,-200.30636506069493,10.005928973619932,synced
1446.0,-257.84000000000003,-200.26636506069494,10.007878670997394,synced
1447.0,-257.88,-200.22636506069497,10.05891388812108,synced
1448.0,-257.92,-200.18636506069492,10.136681061631236,synced
1449.0,-257.96000000000004,-200.14636506069493,10.164036741442755,synced
1450.0,-258.0,-200.10636506069497,10.189784398410895,synced
1451.0,-258.03999999999996,-200.06636506069498,10.12208444189125,synced
1452.0,-258.08000000000004,-200.02636506069493,10.140848480590131,synced
1453.0,-258.12,-199.98636506069494,10.108066783332648,synced
1454.0,-258.16,-199.94636506069497,10.143780422339876,synced
1455.0,-258.2,-199.90636506069498,10.22148003240131,synced
1456.0,-258.24,-199.86636506069493,10.309651921924262,synced
1457.0,-258.28000000000003,-199.82636506069497,10.233828745881912,synced
1458.0,-258.32,-199.78636506069498,10.209414332379458,synced
1459.0,-258.36,-199.74636506069493,10.205050932356047,synced
1460.0,-258.40000000000003,-199.70636506069494,10.19483701028509,synced
1461.0,-258.44,-199.66636506069497,10.099140100495813,synced
1462.0,-258.48,-199.62636506069492,10.123941789959872,synced
1463.0,-258.52000000000004,-199.58636506069493,10.097345769184807,synced
1464.0,-258.56,-199.54636506069494,10.19036542436494,synced
1465.0,-258.6,-199.50636506069497,10.184305629132473,synced
1466.0,-258.64000000000004,-199.46636506069493,10.190932832283284,synced
1467.0,-258.68,-199.42636506069493,10.114828066228904,synced
1468.0,-258.72,-199.38636506069497,10.064299368612389,synced
1469.0,-258.76,-199.34636506069498,10.019850811248677,synced
1470.0,-258.8,-199.30636506069493,10.055330286640823,synced
1471.0,-258.84000000000003,-199.26636506069494,9.991813712203006,synced
1472.0,-258.88,-199.22636506069497,10.036212274947081,synced
1473.0,-258.92,-199.18636506069492,9.997967037808781,synced
1474.0,-258.96000000000004,-199.14636506069493,9.925502634276329,synced
1475.0,-259.0,-199.10636506069497,9.994922627735603,synced
1476.0,-259.04,-199.06636506069498,10.088028030821677,synced
1477.0,-259.08000000000004,-199.02636506069493,10.086954673217713,synced
1478.0,-259.12,-198.98636506069494,10.124400701963076,synced
1479.0,-259.16,-198.94636506069497,10.05439094211008,synced
1480.0,-259.2,-198.90636506069498,10.013788807317958,synced
1481.0,-259.24,-198.86636506069493,10.055127056620844,synced
1482.0,-259.28000000000003,-198.82636506069497,10.083964367102794,synced
1483.0,-259.32,-198.78636506069498,10.17761683325466,synced
1484.0,-259.36,-198.74636506069493,10.137336349970798,synced
1485.0,-259.40000000000003,-198.70636506069494,10.174499677743254,synced
1486.0,-259.44,-198.66636506069497,10.284017579623745,synced
1487.0,-259.48,-198.62636506069492,10.298452844372003,synced
1488.0,-259.52000000000004,-198.58636506069493,10.24562121604053,synced
1489.0,-259.56,-198.54636506069494,10.237514995697804,synced
1490.0,-259.6,-198.50636506069497,10.09602301828444,synced
1491.0,-259.64000000000004,-198.46636506069493,10.134267330788093,synced
1492.0,-259.68,-198.42636506069493,9.986693735448776,synced
1493.0,-259.72,-198.38636506069497,10.02903438048719,synced
1494.0,-259.76,-198.34636506069498,10.064065048052157,synced
1495.0,-259.8,-198.30636506069493,10.037020759613242,synced
1496.0,-259.84000000000003,-198.26636506069494,10.01826906347239,synced
1497.0,-259.88,-198.22636506069497,10.069713803016828,synced
1498.0,-259.92,-198.18636506069492,10.159887147593416,synced
1499.0,-259.96000000000004,-198.14636506069493,10.253243339511137,synced
1500.0,-260.0,-198.10636506069497,10.200820993944898,synced
1501.0,-260.04,-198.06636506069498,10.18803938967422,synced
1502.0,-260.08000000000004,-198.02636506069493,10.092726373309102,synced
1503.0,-260.12,-197.98636506069494,10.091425519330565,synced
1504.0,-260.16,-197.94636506069497,10.211609329031923,synced
1505.0,-260.2,-197.90636506069498,10.234311811704949,synced
1506.0,-260.24,-197.86636506069493,10.18595340254269,synced
1507.0,-260.28000000000003,-197.82636506069494,10.208009429310216,synced
1508.0,-260.32,-197.78636506069498,10.231185168343703,synced
1509.0,-260.36,-197.74636506069493,10.303293610811837,synced
1510.0,-260.40000000000003,-197.70636506069494,10.178530522560624,synced
1511.0,-260.44,-197.66636506069497,10.076489304520154,synced
1512.0,-260.48,-197.62636506069492,10.097871366933742,synced
1513.0,-260.52000000000004,-197.58636506069493,10.048140334828092,synced
1514.0,-260.56,-197.54636506069494,10.05601461653316,synced
1515.0,-260.6,-197.50636506069497,9.967252817373373,synced
1516.0,-260.64000000000004,-197.46636506069493,10.096878321484205,synced
1517.0,-260.68,-197.42636506069493,10.159152549153506,synced
1518.0,-260.72,-197.38636506069497,10.095534254990158,synced
1519.0,-260.76,-197.34636506069498,10.179601171674157,synced
1520.0,-260.8,-197.30636506069493,10.179489913393013,synced
1521.0,-260.84000000000003,-197.26636506069494,10.227552958052332,synced
1522.0,-260.88,-197.22636506069497,10.261161663750629,synced
1523.0,-260.92,-197.18636506069492,10.240903552576286,synced
1524.0,-260.96000000000004,-197.14636506069493,10.16992282201562,synced
1525.0,-261.0,-197.10636506069494,10.253498765044833,synced
1526.0,-261.04,-197.06636506069498,10.266267769751813,synced
1527.0,-261.08000000000004,-197.02636506069493,10.318866424470663,synced
1528.0,-261.12,-196.98636506069494,10.309186106238432,synced
1529.0,-261.16,-196.94636506069497,10.292017519891395,synced
1530.0,-261.2,-196.90636506069498,10.38923630335109,synced
1531.0,-261.24,-196.86636506069493,10.27784660301645,synced
1532.0,-261.28000000000003,-196.82636506069494,10.316207613893235,synced
1533.0,-261.32,-196.78636506069498,10.380740634751307,synced
1534.0,-261.36,-196.74636506069493,10.386066477311552,synced
1535.0,-261.40000000000003,-196.70636506069494,10.41982693569432,synced
1536.0,-261.44,-196.66636506069497,10.385918935506167,synced
1537.0,-261.48,-196.62636506069492,10.235383056369285,synced
1538.0,-261.52000000000004,-196.58636506069493,10.278917955492128,synced
1539.0,-261.56,-196.54636506069494,10.140370976346569,synced
1540.0,-261.6,-196.50636506069497,10.146400354601237,synced
1541.0,-261.64000000000004,-196.46636506069493,10.148741753279511,synced
1542.0,-261.68,-196.42636506069493,10.153696059207851,synced
1543.0,-261.72,-196.38636506069497,10.129743883872333,synced
1544.0,-261.76,-196.34636506069498,10.127761884851816,synced
1545.0,-261.8,-196.30636506069493,10.174813937689652,synced
1546.0,-261.84000000000003,-196.26636506069494,10.220714995375191,synced
1547.0,-261.88,-196.22636506069497,10.224506447405746,synced
1548.0,-261.92,-196.18636506069492,10.242934831846684,synced
1549.0,-261.96000000000004,-196.14636506069493,10.19717295544542,synced
1550.0,-262.0,-196.10636506069494,10.130383255080533,synced
1551.0,-262.04,-196.06636506069498,10.164567808552627,synced
1552.0,-262.08000000000004,-196.02636506069493,10.126468934637867,synced
1553.0,-262.12,-195.98636506069494,10.074254687818307,synced
1554.0,-262.16,-195.94636506069497,10.090364329397639,synced
1555.0,-262.2,-195.90636506069498,10.084593701016553,synced
1556.0,-262.24,-195.86636506069493,10.047009200537083,synced
1557.0,-262.28000000000003,-195.82636506069494,10.165343017208063,synced
1558.0,-262.32,-195.78636506069498,10.210222945951642,synced
1559.0,-262.36,-195.74636506069493,10.343686873775903,synced
1560.0,-262.40000000000003,-195.70636506069494,10.290582291229589,synced
1561.0,-262.44,-195.66636506069497,10.240826917395419,synced
1562.0,-262.48,-195.62636506069492,10.22444512599524,synced
1563.0,-262.52000000000004,-195.58636506069493,10.204400229445632,synced
1564.0,-262.56,-195.54636506069494,10.18440421042155,synced
1565.0,-262.6,-195.50636506069497,10.164848983829078,synced
1566.0,-262.64,-195.46636506069498,10.092957483089249,synced
1567.0,-262.68,-195.42636506069493,10.096530310655217,synced
1568.0,-262.72,-195.38636506069494,10.034766109517646,synced
1569.0,-262.76,-195.34636506069498,10.123362726282338,synced
1570.0,-262.8,-195.30636506069493,10.15419395539513,synced
1571.0,-262.84000000000003,-195.26636506069494,10.10213246682623,synced
1572.0,-262.88,-195.22636506069497,10.046222228449253,synced
1573.0,-262.92,-195.18636506069492,10.079781942100851,synced
1574.0,-262.96000000000004,-195.14636506069493,10.091365758827742,synced
1575.0,-263.0,-195.10636506069494,10.005576528135606,synced
1576.0,-263.04,-195.06636506069498,9.922232046098156,synced
1577.0,-263.08000000000004,-195.02636506069493,9.884999252926018,synced
1578.0,-263.12,-194.98636506069494,9.88606092125166,synced
1579.0,-263.16,-194.94636506069497,9.883935397930532,synced
1580.0,-263.2,-194.90636506069498,9.905046929104655,synced
1581.0,-263.24,-194.86636506069493,9.928781346562666,synced
1582.0,-263.28000000000003,-194.82636506069494,9.88935850058753,synced
1583.0,-263.32,-194.78636506069498,9.891262434542746,synced
1584.0,-263.36,-194.74636506069493,9.817602118153857,synced
1585.0,-263.40000000000003,-194.70636506069494,9.860558937796359,synced
1586.0,-263.44,-194.66636506069494,9.846837825521426,synced
1587.0,-263.4800000000001,-194.62636506069492,9.96039218516792,synced
1588.0,-263.52000000000004,-194.58636506069493,10.081725664157215,synced
1589.0,-263.56,-194.54636506069494,9.968096313977714,synced
1590.0,-263.6,-194.50636506069497,9.971366089716993,synced
1591.0,-263.64,-194.46636506069498,10.038014529294648,synced
1592.0,-263.68,-194.42636506069493,10.084139420855898,synced
1593.0,-263.72,-194.38636506069494,10.218348470977245,synced
1594.0,-263.76,-194.34636506069498,10.15551364362427,synced
1595.0,-263.8,-194.30636506069493,10.131879552815581,synced
1596.0,-263.84000000000003,-194.26636506069494,10.138044061536956,synced
1597.0,-263.88,-194.22636506069497,10.053099047055925,synced
1598.0,-263.92,-194.18636506069492,10.076729345187774,synced
1599.0,-263.96000000000004,-194.14636506069493,10.002551694874962,synced
1600.0,-264.0,-194.10636506069494,9.962754474013291,synced
1601.0,-264.04,-194.06636506069498,9.983485069774755,synced
1602.0,-264.08000000000004,-194.02636506069493,10.005119466163226,synced
1603.0,-264.12,-193.98636506069494,9.919812788663718,synced
1604.0,-264.16,-193.94636506069497,9.911556602786975,synced
1605.0,-264.2,-193.90636506069498,9.924712181827388,synced
1606.0,-264.24,-193.86636506069493,9.84952166916453,synced
1607.0,-264.28000000000003,-193.82636506069494,9.751932851045863,synced
1608.0,-264.32,-193.78636506069498,9.839231370802338,synced
1609.0,-264.36,-193.74636506069493,9.822172219440317,synced
1610.0,-264.40000000000003,-193.70636506069494,9.784614976536933,synced
1611.0,-264.44,-193.66636506069494,9.823222541223531,synced
1612.0,-264.4800000000001,-193.62636506069492,9.774215500068905,synced
1613.0,-264.52000000000004,-193.58636506069493,9.805656583997068,synced
1614.0,-264.56,-193.54636506069494,9.869382807849547,synced
1615.0,-264.6,-193.50636506069497,9.936912309831513,synced
1616.0,-264.64,-193.46636506069498,9.884453159590468,synced
1617.0,-264.68,-193.42636506069493,9.952082490594039,synced
1618.0,-264.72,-193.38636506069494,9.987099096701646,synced
1619.0,-264.76,-193.34636506069498,10.121499600922125,synced
1620.0,-264.8,-193.30636506069493,10.002391973629399,synced
1621.0,-264.84000000000003,-193.26636506069494,9.895929844253137,synced
1622.0,-264.88,-193.22636506069497,9.872986009192065,synced
1623.0,-264.9200000000001,-193.18636506069492,9.910359442735828,synced
1624.0,-264.96000000000004,-193.14636506069493,9.87905005974471,synced
1625.0,-265.0,-193.10636506069494,9.82809737135415,synced
1626.0,-265.04,-193.06636506069498,9.859702984247043,synced
1627.0,-265.08,-193.02636506069499,9.794583390778156,synced
1628.0,-265.12,-192.98636506069494,9.724305817229828,synced
1629.0,-265.16,-192.94636506069494,9.806635762646732,synced
1630.0,-265.2,-192.90636506069498,9.878465458170837,synced
1631.0,-265.24,-192.86636506069493,9.917547192422994,synced
1632.0,-265.28000000000003,-192.82636506069494,9.938903238819686,synced
1633.0,-265.32,-192.78636506069498,9.972886561667671,synced
1634.0,-265.36,-192.74636506069493,10.077353997930526,synced
1635.0,-265.40000000000003,-192.70636506069494,9.997416887444267,synced
1636.0,-265.44,-192.66636506069494,9.991073264831286,synced
1637.0,-265.4800000000001,-192.62636506069492,9.882994222899955,synced
1638.0,-265.52000000000004,-192.58636506069493,9.831696513887545,synced
1639.0,-265.56,-192.54636506069494,9.83367154191428,synced
1640.0,-265.6,-192.50636506069497,9.92474175044017,synced
1641.0,-265.64,-192.46636506069498,9.939165417779062,synced
1642.0,-265.68,-192.42636506069493,9.934247034610099,synced
1643.0,-265.72,-192.38636506069494,9.89530289410262,synced
1644.0,-265.76,-192.34636506069498,9.806752642318006,synced
1645.0,-265.8,-192.30636506069493,9.922022716823575,synced
1646.0,-265.84000000000003,-192.26636506069494,9.995085326653774,synced
1647.0,-265.88,-192.22636506069495,10.031746991876977,synced
1648.0,-265.9200000000001,-192.18636506069492,10.031613944852523,synced
1649.0,-265.96000000000004,-192.14636506069493,9.968341189041329,synced
1650.0,-266.0,-192.10636506069494,10.04900619768212,synced
1651.0,-266.04,-192.06636506069498,10.19379828427114,synced
1652.0,-266.08,-192.02636506069499,10.167903758256214,synced
1653.0,-266.12,-191.98636506069494,10.268809190473792,synced
1654.0,-266.16,-191.94636506069494,10.156258616022873,synced
1655.0,-266.2,-191.90636506069498,10.063593828399886,synced
1656.0,-266.24,-191.86636506069493,10.052943692209826,synced
1657.0,-266.28000000000003,-191.82636506069494,9.974444530749803,synced
1658.0,-266.32,-191.78636506069498,10.10980658515237,synced
1659.0,-266.36,-191.74636506069493,10.144891615388563,synced
1660.0,-266.40000000000003,-191.70636506069494,10.139156671481576,synced
1661.0,-266.44,-191.66636506069494,10.113286293502277,synced
1662.0,-266.4800000000001,-191.62636506069492,10.085661300952676,synced
1663.0,-266.52000000000004,-191.58636506069493,9.973282779170589,synced
1664.0,-266.56,-191.54636506069494,9.9841192499035,synced
1665.0,-266.6,-191.50636506069497,10.070799753292336,synced
1666.0,-266.64,-191.46636506069498,10.051495943468435,synced
1667.0,-266.68,-191.42636506069493,9.913617993285662,synced
1668.0,-266.72,-191.38636506069494,9.947190652090043,synced
1669.0,-266.76,-191.34636506069498,9.893581377334426,synced
1670.0,-266.8,-191.30636506069493,9.927458940480804,synced
1671.0,-266.84000000000003,-191.26636506069494,9.907060412666757,synced
1672.0,-266.88,-191.22636506069495,9.874185650000866,synced
1673.0,-266.9200000000001,-191.18636506069492,9.895987440135146,synced
1674.0,-266.96000000000004,-191.14636506069493,9.837811466051228,synced
1675.0,-267.0,-191.10636506069494,9.908467040944725,synced
1676.0,-267.04,-191.06636506069498,9.896007338676405,synced
1677.0,-267.08,-191.02636506069499,9.94599366724569,synced
1678.0,-267.12,-190.98636506069494,9.944717046351247,synced
1679.0,-267.16,-190.94636506069494,10.005651640415502,synced
1680.0,-267.2,-190.90636506069498,9.9420551846931,synced
1681.0,-267.24,-190.86636506069493,9.85655331489238,synced
1682.0,-267.28000000000003,-190.82636506069494,9.765340099869956,synced
1683.0,-267.32,-190.78636506069498,9.771585386620373,synced
1684.0,-267.36,-190.74636506069493,9.726129959512775,synced
1685.0,-267.40000000000003,-190.70636506069494,9.748898782051485,synced
1686.0,-267.44,-190.66636506069494,9.8144064131509,synced
1687.0,-267.4800000000001,-190.62636506069492,9.832583739662947,synced
1688.0,-267.52000000000004,-190.58636506069493,9.810192823888508,synced
1689.0,-267.56,-190.54636506069494,9.8624646619615,synced
1690.0,-267.6,-190.50636506069495,9.824426877850346,synced
1691.0,-267.64,-190.46636506069498,9.821714224735045,synced
1692.0,-267.68,-190.42636506069493,9.776394613513483,synced
1693.0,-267.72,-190.38636506069494,9.76762565718331,synced
1694.0,-267.76,-190.34636506069498,9.802376369810684,synced
1695.0,-267.8,-190.30636506069493,9.726314840153517,synced
1696.0,-267.84000000000003,-190.26636506069494,9.788137017786857,synced
1697.0,-267.88,-190.22636506069495,9.743812797308237,synced
1698.0,-267.9200000000001,-190.18636506069492,9.739947281072691,synced
1699.0,-267.96000000000004,-190.14636506069493,9.782303567179406,synced
1700.0,-268.0,-190.10636506069494,9.886210889286318,synced
1701.0,-268.04,-190.06636506069498,9.932655575601023,synced
1702.0,-268.08,-190.02636506069499,9.93903839899357,synced
1703.0,-268.12,-189.98636506069494,9.905938615960007,synced
1704.0,-268.16,-189.94636506069494,9.96582889938441,synced
1705.0,-268.2,-189.90636506069498,10.006921652385149,synced
1706.0,-268.24,-189.86636506069493,10.042523469244669,synced
1707.0,-268.28000000000003,-189.82636506069494,10.028980681479782,synced
1708.0,-268.32,-189.78636506069495,9.937954548426276,synced
1709.0,-268.36000000000007,-189.74636506069493,9.950838203282796,synced
1710.0,-268.40000000000003,-189.70636506069494,9.892613011754703,synced
1711.0,-268.44,-189.66636506069494,9.851595295610526,synced
1712.0,-268.48,-189.62636506069498,9.772840174046948,synced
1713.0,-268.52000000000004,-189.58636506069493,9.80064402279096,synced
1714.0,-268.56,-189.54636506069494,9.750110103516786,synced
1715.0,-268.6,-189.50636506069495,9.726608947787263,synced
1716.0,-268.64,-189.46636506069498,9.78721068391819,synced
1717.0,-268.68,-189.42636506069493,9.69570428710631,synced
1718.0,-268.72,-189.38636506069494,9.88939929461835,synced
1719.0,-268.76,-189.34636506069498,9.886248919711182,synced
1720.0,-268.8,-189.30636506069493,9.88329858327952,synced
1721.0,-268.84000000000003,-189.26636506069494,9.849799392689429,synced
1722.0,-268.88,-189.22636506069495,9.901019852341985,synced
1723.0,-268.9200000000001,-189.18636506069492,9.855841654261233,synced
1724.0,-268.96000000000004,-189.14636506069493,9.78390841226312,synced
1725.0,-269.0,-189.10636506069494,9.827435767500281,synced
1726.0,-269.04,-189.06636506069498,9.827225124900252,synced
1727.0,-269.08,-189.02636506069499,9.753302618552784,synced
1728.0,-269.12,-188.98636506069494,9.772404649004752,synced
1729.0,-269.16,-188.94636506069494,9.843561605515527,synced
1730.0,-269.2,-188.90636506069498,9.804629873957914,synced
1731.0,-269.24,-188.86636506069493,9.881132228596378,synced
1732.0,-269.28000000000003,-188.82636506069494,9.917094658572601,synced
1733.0,-269.32,-188.78636506069495,9.906672805607307,synced
1734.0,-269.36000000000007,-188.74636506069493,9.966188327974912,synced
1735.0,-269.40000000000003,-188.70636506069494,9.966258731357147,synced
1736.0,-269.44,-188.66636506069494,9.899752470765632,synced
1737.0,-269.48,-188.62636506069498,9.92158758311551,synced
1738.0,-269.52000000000004,-188.58636506069493,9.944218601972088,synced
1739.0,-269.56,-188.54636506069494,10.041607040936151,synced
1740.0,-269.6,-188.50636506069495,10.005102473636729,synced
1741.0,-269.64,-188.46636506069498,10.087320823982948,synced
1742.0,-269.68,-188.42636506069493,10.029314215636854,synced
1743.0,-269.72,-188.38636506069494,10.15095433598001,synced
1744.0,-269.76,-188.34636506069498,10.20384789421347,synced
1745.0,-269.80000000000007,-188.30636506069493,10.140850696865932,synced
1746.0,-269.84000000000003,-188.26636506069494,10.159361700644244,synced
1747.0,-269.88,-188.22636506069495,10.23625206275508,synced
1748.0,-269.9200000000001,-188.18636506069492,10.182073793485069,synced
1749.0,-269.96000000000004,-188.14636506069493,10.221187710800939,synced
1750.0,-270.0,-188.10636506069494,10.135901515862134,synced
1751.0,-270.04,-188.06636506069495,10.032488694653507,synced
1752.0,-270.08,-188.02636506069499,9.946630439468251,synced
1753.0,-270.12,-187.98636506069494,9.915601076931068,synced
1754.0,-270.16,-187.94636506069494,9.906856654564923,synced
1755.0,-270.2,-187.90636506069498,9.8835994355429,synced
1756.0,-270.24,-187.86636506069493,9.991854629854247,synced
1757.0,-270.28000000000003,-187.82636506069494,9.893281715277148,synced
1758.0,-270.32,-187.78636506069495,9.842423526035482,synced
1759.0,-270.36000000000007,-187.74636506069493,9.83460219464638,synced
1760.0,-270.40000000000003,-187.70636506069494,9.882857556413327,synced
1761.0,-270.44,-187.66636506069494,9.918531866315583,synced
1762.0,-270.48,-187.62636506069498,9.952282175612392,synced
1763.0,-270.52,-187.586365060695,10.043144574828688,synced
1764.0,-270.56,-187.54636506069494,10.116729904863897,synced
1765.0,-270.6,-187.50636506069495,10.099099497169084,synced
1766.0,-270.64,-187.46636506069498,10.11252378588312,synced
1767.0,-270.68,-187.42636506069493,10.152663182715072,synced
1768.0,-270.72,-187.38636506069494,10.145092628126518,synced
1769.0,-270.76,-187.34636506069495,10.214778010241677,synced
1770.0,-270.80000000000007,-187.30636506069493,10.11874474966029,synced
1771.0,-270.84000000000003,-187.26636506069494,10.065163025392398,synced
1772.0,-270.88,-187.22636506069495,10.06003701992536,synced
1773.0,-270.9200000000001,-187.18636506069492,10.043233308338174,synced
1774.0,-270.96000000000004,-187.14636506069493,10.009352012087358,synced
1775.0,-271.0,-187.10636506069494,10.003537718073884,synced
1776.0,-271.04,-187.06636506069495,10.004023054798195,synced
1777.0,-271.08,-187.02636506069499,9.98163805711294,synced
1778.0,-271.12,-186.98636506069494,9.980971363170832,synced
1779.0,-271.16,-186.94636506069494,9.910493366625195,synced
1780.0,-271.2,-186.90636506069498,9.920611775177113,synced
1781.0,-271.24,-186.86636506069493,9.91448601986944,synced
1782.0,-271.28000000000003,-186.82636506069494,9.91778345131572,synced
1783.0,-271.32,-186.78636506069495,9.867925619865602,synced
1784.0,-271.36000000000007,-186.74636506069493,9.83256734155946,synced
1785.0,-271.40000000000003,-186.70636506069494,9.74674627139327,synced
1786.0,-271.44,-186.66636506069494,9.752387548402574,synced
1787.0,-271.48,-186.62636506069498,9.688018444082402,synced
1788.0,-271.52,-186.586365060695,9.629948184257941,synced
1789.0,-271.56,-186.54636506069494,9.769831994970668,synced
1790.0,-271.6,-186.50636506069495,9.783775807364115,synced
1791.0,-271.64,-186.46636506069498,9.780606158065918,synced
1792.0,-271.68,-186.42636506069493,9.8559607110969,synced
1793.0,-271.72,-186.38636506069494,9.967723777982052,synced
1794.0,-271.76,-186.34636506069495,10.013792952129341,synced
1795.0,-271.80000000000007,-186.30636506069493,10.054291529620063,synced
1796.0,-271.84000000000003,-186.26636506069494,9.978801479758992,synced
1797.0,-271.88,-186.22636506069495,9.940929095245188,synced
1798.0,-271.9200000000001,-186.18636506069492,9.976874331639907,synced
1799.0,-271.96000000000004,-186.14636506069493,10.035567360845377,synced
1800.0,-672.0,213.8936349393051,410.00407656032866,synced
1801.0,-672.04,213.933634939305,410.0654709768691,synced
1802.0,-672.08,213.97363493930504,11.045609785418575,acquiring
1803.0,-672.12,214.0136349393051,-41.26391033691546,acquiring
1804.0,-672.1600000000001,214.0536349393051,9.606833152967065,acquiring
1805.0,-672.2,214.09363493930505,9.8712576332185,acquiring
1806.0,-672.24,214.1336349393051,10.669220884412244,acquiring
1807.0,-672.28,214.17363493930503,10.507501948697872,acquiring
1808.0,-672.32,214.21363493930505,10.691083222418518,acquiring
1809.0,-672.36,214.2536349393051,11.064431477873837,synced
1810.0,-672.4000000000001,214.29363493930515,11.271876139938408,synced
1811.0,-672.44,214.33363493930509,10.844937701657841,synced
1812.0,-672.48,214.373634939305,10.520463798762147,synced
1813.0,-672.52,214.41363493930504,10.477292557306782,synced
1814.0,-672.5600000000001,214.4536349393051,10.615086349565095,synced
1815.0,-672.6000000000001,214.4936349393051,10.356489697390225,synced
1816.0,-672.64,214.53363493930505,10.235246349832195,synced
1817.0,-672.6800000000001,214.5736349393051,10.353253667194306,synced
1818.0,-672.72,214.61363493930503,10.2679580718672,synced
1819.0,-672.76,214.65363493930505,10.229779217171163,synced
1820.0,-672.8000000000001,214.6936349393051,10.334662979205378,synced
1821.0,-672.8400000000001,214.73363493930515,10.181654868672506,synced
1822.0,-672.88,214.77363493930508,9.983260436575826,synced
1823.0,-672.9200000000001,214.8136349393051,9.882043520307526,synced
1824.0,-672.96,214.85363493930504,10.041059683644992,synced
1825.0,-673.0,214.8936349393051,10.139801477159317,synced
1826.0,-673.0400000000001,214.9336349393051,10.114284861429844,synced
1827.0,-673.08,214.97363493930504,10.345499122234813,synced
1828.0,-673.12,215.0136349393051,10.15441085273261,synced
1829.0,-673.16,215.05363493930503,10.084011813262128,synced
1830.0,-673.2,215.09363493930505,10.113704952463776,synced
1831.0,-673.24,215.1336349393051,10.083064861781455,synced
1832.0,-673.2800000000001,215.17363493930515,10.135887832932067,synced
1833.0,-673.32,215.21363493930505,10.236408590537206,synced
1834.0,-673.36,215.2536349393051,10.005049003939837,synced
1835.0,-673.4,215.29363493930504,9.91278380157845,synced
1836.0,-673.44,215.33363493930509,9.88862815438518,synced
1837.0,-673.4800000000001,215.3736349393051,9.922106948415998,synced
1838.0,-673.52,215.41363493930504,9.819609707629184,synced
1839.0,-673.5600000000001,215.4536349393051,9.712406811520523,synced
1840.0,-673.6,215.49363493930503,9.625811554329733,synced
1841.0,-673.64,215.53363493930505,9.678763248370803,synced
1842.0,-673.6800000000001,215.5736349393051,9.659951548566138,synced
1843.0,-673.7200000000001,215.61363493930514,9.706976792745126,synced
1844.0,-673.76,215.65363493930505,9.64642762521073,synced
1845.0,-673.8000000000001,215.6936349393051,9.537991227429155,synced
1846.0,-673.84,215.73363493930503,9.470473325930872,synced
1847.0,-673.88,215.77363493930508,9.43305403132233,synced
1848.0,-673.9200000000001,215.8136349393051,9.559744025059436,synced
1849.0,-673.9600000000002,215.85363493930515,9.648471005766046,synced
1850.0,-674.0,215.8936349393051,9.557877363406186,synced
1851.0,-674.04,215.933634939305,9.519990473041528,synced
1852.0,-674.08,215.97363493930504,9.433240378728724,synced
1853.0,-674.12,216.0136349393051,9.448752718750232,synced
1854.0,-674.1600000000001,216.05363493930514,9.474931816863986,synced
1855.0,-674.2,216.09363493930505,9.491817491783848,synced
1856.0,-674.24,216.1336349393051,9.5406185178184,synced
1857.0,-674.28,216.17363493930503,9.529345021843994,synced
1858.0,-674.32,216.21363493930505,9.506935784341808,synced
1859.0,-674.3600000000001,216.2536349393051,9.59906310623737,synced
1860.0,-674.4000000000001,216.29363493930515,9.515435400565654,synced
1861.0,-674.44,216.33363493930509,9.552508130021732,synced
1862.0,-674.48,216.373634939305,9.694078342221024,synced
1863.0,-674.52,216.41363493930504,9.737873878005065,synced
1864.0,-674.5600000000001,216.4536349393051,9.649590827558118,synced
1865.0,-674.6000000000001,216.4936349393051,9.644003501530275,synced
1866.0,-674.64,216.53363493930505,9.782556272528664,synced
1867.0,-674.6800000000001,216.5736349393051,9.8417065498555,synced
1868.0,-674.72,216.61363493930503,9.911349125321545,synced
1869.0,-674.76,216.65363493930505,9.965059258219444,synced
1870.0,-674.8000000000001,216.6936349393051,9.945770939876253,synced
1871.0,-674.8400000000001,216.73363493930515,9.934862243995646,synced
1872.0,-674.88,216.77363493930508,9.85038928620796,synced
1873.0,-674.92,216.813634939305,9.846842390342836,synced
1874.0,-674.96,216.85363493930504,9.90528821594394,synced
1875.0,-675.0,216.8936349393051,9.922410327176445,synced
1876.0,-675.0400000000001,216.9336349393051,9.898849996410885,synced
1877.0,-675.08,216.97363493930504,9.845484636869406,synced
1878.0,-675.12,217.0136349393051,9.818397137494106,synced
1879.0,-675.16,217.05363493930503,9.863000758796314,synced
1880.0,-675.2,217.09363493930505,9.87977069763135,synced
1881.0,-675.24,217.1336349393051,9.895208716094949,synced
1882.0,-675.2800000000001,217.17363493930515,9.931608563720218,synced
1883.0,-675.32,217.21363493930508,9.906643348569943,synced
1884.0,-675.3600000000001,217.2536349393051,9.971657420551061,synced
1885.0,-675.4,217.29363493930504,10.11548559287756,synced
1886.0,-675.44,217.33363493930509,10.10605514329499,synced
1887.0,-675.4800000000001,217.3736349393051,10.240778950862728,synced
1888.0,-675.52,217.41363493930504,10.247283724674094,synced
1889.0,-675.5600000000001,217.4536349393051,10.256876855612163,synced
1890.0,-675.6,217.49363493930503,10.330301217986392,synced
1891.0,-675.64,217.53363493930505,10.351747176998716,synced
1892.0,-675.6800000000001,217.5736349393051,10.36490145248048,synced
1893.0,-675.7200000000001,217.61363493930514,10.362481061374273,synced
1894.0,-675.76,217.65363493930505,10.300542039421101,synced
1895.0,-675.8000000000001,217.6936349393051,10.211448899893005,synced
1896.0,-675.84,217.73363493930503,10.221903556620337,synced
1897.0,-675.88,217.77363493930508,10.255624658515373,synced
1898.0,-675.9200000000001,217.8136349393051,10.28553013367761,synced
1899.0,-675.96,217.85363493930504,10.233033181457518,synced
1900.0,-676.0,217.8936349393051,10.079313481440755,synced
1901.0,-676.04,217.93363493930502,10.140270165075904,synced
1902.0,-676.08,217.97363493930504,10.081916503985266,synced
1903.0,-676.12,218.0136349393051,10.12669347396944,synced
1904.0,-676.1600000000001,218.05363493930514,10.05951854263576,synced
1905.0,-676.2,218.09363493930505,10.025140325072957,synced
1906.0,-676.24,218.1336349393051,10.047760436187936,synced
1907.0,-676.28,218.17363493930503,9.995001499519262,synced
1908.0,-676.32,218.21363493930508,10.012953238135115,synced
1909.0,-676.3600000000001,218.2536349393051,10.079862274321894,synced
1910.0,-676.4000000000001,218.29363493930515,9.977918405967067,synced
1911.0,-676.44,218.33363493930509,9.917214989290324,synced
1912.0,-676.48,218.373634939305,9.81391938353715,synced
1913.0,-676.52,218.41363493930504,9.79319690244207,synced
1914.0,-676.5600000000001,218.4536349393051,9.764859309219553,synced
1915.0,-676.6000000000001,218.49363493930514,9.716093054422226,synced
1916.0,-676.64,218.53363493930505,9.773592453597214,synced
1917.0,-676.6800000000001,218.5736349393051,9.727885723486374,synced
1918.0,-676.72,218.61363493930503,9.772597617590527,synced
1919.0,-676.76,218.65363493930505,9.870118742877354,synced
1920.0,-676.8000000000001,218.6936349393051,9.794179893539923,synced
1921.0,-676.8400000000001,218.73363493930515,9.798868607553857,synced
1922.0,-676.88,218.77363493930508,9.798537153723474,synced
1923.0,-676.92,218.813634939305,9.71493278366764,synced
1924.0,-676.96,218.85363493930504,9.80754851607324,synced
1925.0,-677.0,218.8936349393051,9.815398242446705,synced
1926.0,-677.0400000000001,218.9336349393051,9.834843756525435,synced
1927.0,-677.08,218.97363493930504,9.803823533154565,synced
1928.0,-677.12,219.0136349393051,9.71427251692225,synced
1929.0,-677.16,219.05363493930503,9.822158019702542,synced
1930.0,-677.2,219.09363493930505,9.813979716066456,synced
1931.0,-677.24,219.1336349393051,9.928491294634023,synced
1932.0,-677.2800000000001,219.17363493930515,9.881196315238538,synced
1933.0,-677.32,219.21363493930508,9.955638088629538,synced
1934.0,-677.3600000000001,219.2536349393051,9.907315606952793,synced
1935.0,-677.4,219.29363493930504,9.908041713461046,synced
1936.0,-677.44,219.33363493930509,9.942304237954836,synced
1937.0,-677.4800000000001,219.3736349393051,9.889339757911952,synced
1938.0,-677.52,219.41363493930504,9.971464725922807,synced
1939.0,-677.5600000000001,219.4536349393051,9.99688662361098,synced
1940.0,-677.6,219.49363493930503,9.95369978912153,synced
1941.0,-677.64,219.53363493930505,10.054146815682063,synced
1942.0,-677.6800000000001,219.5736349393051,10.016524851642838,synced
1943.0,-677.7200000000001,219.61363493930514,9.904552927700205,synced
1944.0,-677.76,219.65363493930508,9.925129294428569,synced
1945.0,-677.8000000000001,219.6936349393051,9.96805726432559,synced
1946.0,-677.84,219.73363493930503,10.024739903892964,synced
1947.0,-677.88,219.77363493930508,10.014282344594672,synced
1948.0,-677.9200000000001,219.8136349393051,9.91628667323685,synced
1949.0,-677.96,219.85363493930504,9.864792674022627,synced
1950.0,-678.0,219.8936349393051,9.864259366725193,synced
1951.0,-678.04,219.93363493930502,9.813495925036108,synced
1952.0,-678.08,219.97363493930504,9.892987478556158,synced
1953.0,-678.12,220.0136349393051,9.87827550592446,synced
1954.0,-678.1600000000001,220.05363493930514,9.93359164967944,synced
1955.0,-678.2,220.09363493930505,9.931527264834926,synced
1956.0,-678.24,220.1336349393051,9.978120151276082,synced
1957.0,-678.28,220.17363493930503,10.009595765251733,synced
1958.0,-678.32,220.21363493930508,10.027056316265215,synced
1959.0,-678.3600000000001,220.2536349393051,9.964670192163405,synced
1960.0,-678.4000000000001,220.29363493930515,10.006352858512146,synced
1961.0,-678.44,220.33363493930509,10.113945320700534,synced
1962.0,-678.48,220.37363493930502,10.180559330526084,synced
1963.0,-678.52,220.41363493930504,10.240492106893928,synced
1964.0,-678.5600000000001,220.4536349393051,10.231925857795865,synced
1965.0,-678.6000000000001,220.49363493930514,10.246931990931296,synced
1966.0,-678.64,220.53363493930505,10.173264286560846,synced
1967.0,-678.6800000000001,220.5736349393051,10.081619948739906,synced
1968.0,-678.72,220.61363493930503,10.153714895116405,synced
1969.0,-678.76,220.65363493930508,10.128965785894728,synced
1970.0,-678.8000000000001,220.6936349393051,10.0721515627753,synced
1971.0,-678.8400000000001,220.73363493930515,10.00715920982087,synced
1972.0,-678.88,220.77363493930508,9.97225799106294,synced
1973.0,-678.92,220.813634939305,9.922836470132923,synced
1974.0,-678.96,220.85363493930504,9.891093577481191,synced
1975.0,-679.0,220.8936349393051,9.882228523651726,synced
1976.0,-679.0400000000001,220.93363493930514,9.850068053286032,synced
1977.0,-679.08,220.97363493930504,9.7950631162389,synced
1978.0,-679.12,221.0136349393051,9.768778489456341,synced
1979.0,-679.16,221.05363493930503,9.77025717717661,synced
1980.0,-679.2,221.09363493930505,9.697332877741216,synced
1981.0,-679.24,221.1336349393051,9.722999844880121,synced
1982.0,-679.2800000000001,221.17363493930515,9.75911975432675,synced
1983.0,-679.32,221.21363493930508,9.71889503822565,synced
1984.0,-679.36,221.253634939305,9.876589488772236,synced
1985.0,-679.4,221.29363493930504,9.877648661133943,synced
1986.0,-679.44,221.33363493930509,9.811869264855,synced
1987.0,-679.4800000000001,221.3736349393051,9.753872562178966,synced
1988.0,-679.52,221.41363493930504,9.677813623188536,synced
1989.0,-679.5600000000001,221.4536349393051,9.735911572415269,synced
1990.0,-679.6,221.49363493930503,9.770025093170155,synced
1991.0,-679.64,221.53363493930505,9.908298353847877,synced
1992.0,-679.6800000000001,221.5736349393051,9.86522993627803,synced
1993.0,-679.7200000000001,221.61363493930514,9.952310851325418,synced
1994.0,-679.76,221.65363493930508,9.973980662491222,synced
1995.0,-679.8000000000001,221.6936349393051,10.100903137151175,synced
1996.0,-679.84,221.73363493930503,10.130329784734048,synced
1997.0,-679.88,221.77363493930508,10.057109819194832,synced
1998.0,-679.9200000000001,221.8136349393051,10.071178773048528,synced
1999.0,-679.96,221.85363493930504,10.083723195400074,synced
2000.0,-680.0,221.8936349393051,10.05690634581724,synced
2001.0,-680.04,221.93363493930502,10.167175521261228,synced
2002.0,-680.08,221.97363493930504,10.148954780147324,synced
2003.0,-680.12,222.0136349393051,10.155021621840232,synced
2004.0,-680.1600000000001,222.05363493930514,10.167459018412316,synced
2005.0,-680.2,222.09363493930508,10.174872044957816,synced
2006.0,-680.2400000000001,222.1336349393051,10.214670496106471,synced
2007.0,-680.28,222.17363493930503,10.18540557888159,synced
2008.0,-680.32,222.21363493930508,10.131593470621315,synced
2009.0,-680.3600000000001,222.2536349393051,10.102565461735269,synced
2010.0,-680.4000000000001,222.29363493930515,9.997814735251076,synced
2011.0,-680.44,222.33363493930509,9.99571270759725,synced
2012.0,-680.48,222.37363493930502,9.95398978471873,synced
2013.0,-680.52,222.41363493930504,9.96811603387171,synced
2014.0,-680.5600000000001,222.4536349393051,9.886510110855063,synced
2015.0,-680.6000000000001,222.49363493930514,9.895766717015198,synced
2016.0,-680.64,222.53363493930505,9.87732221323212,synced
2017.0,-680.6800000000001,222.5736349393051,9.914581005951106,synced
2018.0,-680.72,222.61363493930503,9.918535671284644,synced
2019.0,-680.76,222.65363493930508,9.96062007335241,synced
2020.0,-680.8000000000001,222.6936349393051,9.9635617586179,synced
2021.0,-680.8400000000001,222.73363493930515,9.9865035645339,synced
2022.0,-680.88,222.77363493930508,10.09055926872604,synced
2023.0,-680.92,222.81363493930502,10.105071528310638,synced
2024.0,-680.96,222.85363493930504,10.191852585841655,synced
2025.0,-681.0,222.8936349393051,10.172623104507394,synced
2026.0,-681.0400000000001,222.93363493930514,10.197144734894747,synced
2027.0,-681.08,222.97363493930504,10.26734551672459,synced
2028.0,-681.12,223.0136349393051,10.306056704650013,synced
2029.0,-681.16,223.05363493930503,10.326174337712768,synced
2030.0,-681.2,223.09363493930508,10.264144793653674,synced
2031.0,-681.2400000000001,223.1336349393051,10.212022724695458,synced
2032.0,-681.2800000000001,223.17363493930515,10.225696711777864,synced
2033.0,-681.32,223.21363493930508,10.197459694107348,synced
2034.0,-681.36,223.253634939305,10.108434855453098,synced
2035.0,-681.4,223.29363493930504,10.042517739549893,synced
2036.0,-681.44,223.33363493930509,10.09614632639333,synced
2037.0,-681.4800000000001,223.37363493930513,10.097455786764353,synced
2038.0,-681.52,223.41363493930504,10.054147898645782,synced
2039.0,-681.5600000000001,223.4536349393051,10.087532736302363,synced
2040.0,-681.6,223.49363493930503,10.036420198765605,synced
2041.0,-681.64,223.53363493930505,10.085988349780584,synced
2042.0,-681.6800000000001,223.5736349393051,10.025801996377703,synced
2043.0,-681.7200000000001,223.61363493930514,10.036451150081227,synced
2044.0,-681.76,223.65363493930508,10.094885839300405,synced
2045.0,-681.8000000000001,223.6936349393051,10.08833048147595,synced
2046.0,-681.84,223.73363493930503,10.102695112553906,synced
2047.0,-681.88,223.77363493930508,10.094853266132354,synced
2048.0,-681.9200000000001,223.8136349393051,10.057554743073794,synced
2049.0,-681.96,223.85363493930504,10.081256463036148,synced
2050.0,-682.0,223.8936349393051,10.060563556344881,synced
2051.0,-682.04,223.93363493930502,10.031530087087791,synced
2052.0,-682.08,223.97363493930504,10.054325974358957,synced
2053.0,-682.12,224.0136349393051,10.045159159440598,synced
2054.0,-682.1600000000001,224.05363493930514,10.0617503019228,synced
2055.0,-682.2,224.09363493930508,10.137404273454331,synced
2056.0,-682.2400000000001,224.1336349393051,10.097938744339174,synced
2057.0,-682.28,224.17363493930503,10.049593359180875,synced
2058.0,-682.32,224.21363493930508,9.943216220560824,synced
2059.0,-682.3600000000001,224.2536349393051,10.018709723786046,synced
2060.0,-682.4,224.29363493930504,9.941165122794526,synced
2061.0,-682.44,224.33363493930509,9.965355972060719,synced
2062.0,-682.48,224.37363493930502,9.937429900204076,synced
2063.0,-682.52,224.41363493930504,9.951313055835186,synced
2064.0,-682.5600000000001,224.4536349393051,9.874045728264559,synced
2065.0,-682.6000000000001,224.49363493930514,9.808932227856282,synced
2066.0,-682.64,224.53363493930507,9.893416389933464,synced
2067.0,-682.6800000000001,224.5736349393051,9.903987903028156,synced
2068.0,-682.72,224.61363493930503,9.812867722028717,synced
2069.0,-682.76,224.65363493930508,9.85407622384049,synced
2070.0,-682.8000000000001,224.6936349393051,9.85759093609384,synced
2071.0,-682.8400000000001,224.73363493930515,9.956841528377836,synced
2072.0,-682.88,224.77363493930508,10.025527210633435,synced
2073.0,-682.92,224.81363493930502,9.94886530119221,synced
2074.0,-682.96,224.85363493930504,9.892012798266459,synced
2075.0,-683.0,224.8936349393051,9.869072200587304,synced
2076.0,-683.0400000000001,224.93363493930514,9.839321178320649,synced
2077.0,-683.08,224.97363493930504,9.722934275224414,synced
2078.0,-683.12,225.0136349393051,9.771914575238515,synced
2079.0,-683.16,225.05363493930503,9.76814723455821,synced
2080.0,-683.2,225.09363493930508,9.805132442269882,synced
2081.0,-683.2400000000001,225.1336349393051,9.784352987720402,synced
2082.0,-683.2800000000001,225.17363493930515,9.904886671405322,synced
2083.0,-683.32,225.21363493930508,9.901050117214316,synced
2084.0,-683.36,225.25363493930502,9.939042249100583,synced
2085.0,-683.4,225.29363493930504,9.866304760629552,synced
2086.0,-683.44,225.33363493930509,9.778955229630348,synced
2087.0,-683.4800000000001,225.37363493930513,9.773219709091618,synced
2088.0,-683.52,225.41363493930504,9.842682563941052,synced
2089.0,-683.5600000000001,225.4536349393051,9.8494697434921,synced
2090.0,-683.6,225.49363493930503,9.779262701573032,synced
2091.0,-683.64,225.53363493930507,9.813773201274966,synced
2092.0,-683.6800000000001,225.5736349393051,9.941691704981604,synced
2093.0,-683.7200000000001,225.61363493930514,10.058502714712203,synced
2094.0,-683.76,225.65363493930508,10.004390128753094,synced
2095.0,-683.8000000000001,225.6936349393051,9.941528108039721,synced
2096.0,-683.84,225.73363493930503,9.937004524205761,synced
2097.0,-683.88,225.77363493930508,10.030822052157884,synced
2098.0,-683.9200000000001,225.81363493930513,10.076170008786578,synced
2099.0,-683.96,225.85363493930504,10.166804871609813,synced
2100.0,-684.0,225.8936349393051,10.133172854397078,synced
2101.0,-684.04,225.93363493930502,10.039989631227764,synced
2102.0,-684.08,225.97363493930504,9.945300907727606,synced
2103.0,-684.1200000000001,226.0136349393051,10.021018502458734,synced
2104.0,-684.1600000000001,226.05363493930514,9.975281442519247,synced
2105.0,-684.2,226.09363493930508,9.898537288590138,synced
2106.0,-684.2400000000001,226.1336349393051,9.962494372223407,synced
2107.0,-684.28,226.17363493930503,10.095985843277532,synced
2108.0,-684.32,226.21363493930508,10.050442114360791,synced
2109.0,-684.3600000000001,226.2536349393051,10.032383692751058,synced
2110.0,-684.4,226.29363493930504,9.980067109441881,synced
2111.0,-684.44,226.33363493930509,9.890463617462153,synced
2112.0,-684.48,226.37363493930502,9.922196655039794,synced
2113.0,-684.52,226.41363493930504,9.910380399344444,synced
2114.0,-684.5600000000001,226.4536349393051,9.906212891156674,synced
2115.0,-684.6000000000001,226.49363493930514,9.938769658414891,synced
2116.0,-684.64,226.53363493930507,9.87260676380053,synced
2117.0,-684.6800000000001,226.5736349393051,9.885724096258986,synced
2118.0,-684.72,226.61363493930503,9.904150149688707,synced
2119.0,-684.76,226.65363493930508,9.925603867567023,synced
2120.0,-684.8000000000001,226.6936349393051,9.972264015861265,synced
2121.0,-684.8400000000001,226.73363493930515,9.989193304231758,synced
2122.0,-684.88,226.77363493930508,9.977485555689668,synced
2123.0,-684.92,226.81363493930502,9.970397342743631,synced
2124.0,-684.96,226.85363493930504,10.011545678770052,synced
2125.0,-685.0,226.8936349393051,9.97030847799496,synced
2126.0,-685.0400000000001,226.93363493930514,10.004655256769635,synced
2127.0,-685.08,226.97363493930507,10.000548474257688,synced
2128.0,-685.1200000000001,227.0136349393051,9.961054640116762,synced
2129.0,-685.16,227.05363493930503,10.043764520670017,synced
2130.0,-685.2,227.09363493930508,10.083734597925442,synced
2131.0,-685.2400000000001,227.1336349393051,10.026875519544397,synced
2132.0,-685.2800000000001,227.17363493930515,10.040145340099006,synced
2133.0,-685.32,227.21363493930508,9.96559771063621,synced
2134.0,-685.36,227.25363493930502,9.961874460753695,synced
2135.0,-685.4,227.29363493930504,9.912732189482409,synced
2136.0,-685.44,227.33363493930509,9.926971772093118,synced
2137.0,-685.4800000000001,227.37363493930513,9.903900613105975,synced
2138.0,-685.52,227.41363493930504,9.8755270507781,synced
2139.0,-685.5600000000001,227.4536349393051,9.797388642407977,synced
2140.0,-685.6,227.49363493930503,9.81894801477312,synced
2141.0,-685.64,227.53363493930507,9.903065288054513,synced
2142.0,-685.6800000000001,227.5736349393051,9.875777123591444,synced
2143.0,-685.7200000000001,227.61363493930514,9.823199228698677,synced
2144.0,-685.76,227.65363493930508,9.898937916522632,synced
2145.0,-685.8,227.693634939305,9.952621897931003,synced
2146.0,-685.84,227.73363493930503,9.855082279478289,synced
2147.0,-685.88,227.77363493930508,9.866640167169649,synced
2148.0,-685.9200000000001,227.81363493930513,9.971611229867229,synced
2149.0,-685.96,227.85363493930504,9.999027253218884,synced
2150.0,-686.0,227.8936349393051,9.869697070501005,synced
2151.0,-686.04,227.93363493930502,9.798809487908677,synced
2152.0,-686.08,227.97363493930507,9.835816227319771,synced
2153.0,-686.1200000000001,228.0136349393051,9.840379622982564,synced
2154.0,-686.1600000000001,228.05363493930514,9.839016503416676,synced
2155.0,-686.2,228.09363493930508,9.820057403971294,synced
2156.0,-686.2400000000001,228.1336349393051,9.840969306939451,synced
2157.0,-686.28,228.17363493930503,9.786159716009934,synced
2158.0,-686.32,228.21363493930508,9.728414437877419,synced
2159.0,-686.3600000000001,228.25363493930513,9.753029728147954,synced
2160.0,-686.4,228.29363493930504,9.777996076531291,synced
2161.0,-686.44,228.33363493930509,9.691816767412487,synced
2162.0,-686.48,228.37363493930502,9.678581588392188,synced
2163.0,-686.52,228.41363493930504,9.809707466397533,synced
2164.0,-686.5600000000001,228.4536349393051,9.911347837804009,synced
2165.0,-686.6000000000001,228.49363493930514,9.962279314285837,synced
2166.0,-686.64,228.53363493930507,9.989678209568531,synced
2167.0,-686.6800000000001,228.5736349393051,10.017551378889934,synced
2168.0,-686.72,228.61363493930503,10.00179060775519,synced
2169.0,-686.76,228.65363493930508,10.004286228334047,synced
2170.0,-686.8000000000001,228.6936349393051,9.97374366511794,synced
2171.0,-686.84,228.73363493930503,9.998361879464346,synced
2172.0,-686.88,228.77363493930508,10.069196252262213,synced
2173.0,-686.92,228.81363493930502,10.076542264150113,synced
2174.0,-686.96,228.85363493930504,10.089478036210853,synced
2175.0,-687.0,228.8936349393051,10.103467732928696,synced
2176.0,-687.0400000000001,228.93363493930514,10.071890948017636,synced
2177.0,-687.08,228.97363493930507,10.071839731922939,synced
2178.0,-687.1200000000001,229.0136349393051,10.17567998903035,synced
2179.0,-687.16,229.05363493930503,10.141183586039105,synced
2180.0,-687.2,229.09363493930508,10.176701762023121,synced
2181.0,-687.2400000000001,229.1336349393051,10.189595945927387,synced
2182.0,-687.2800000000001,229.17363493930515,10.19087961370646,synced
2183.0,-687.32,229.21363493930508,10.25844151656663,synced
2184.0,-687.36,229.25363493930502,10.381099179508135,synced
2185.0,-687.4,229.29363493930504,10.352741236109964,synced
2186.0,-687.44,229.33363493930509,10.256603150632483,synced
2187.0,-687.4800000000001,229.37363493930513,10.230613936600076,synced
2188.0,-687.52,229.41363493930507,10.20513129323275,synced
2189.0,-687.5600000000001,229.4536349393051,10.215990443205648,synced
2190.0,-687.6,229.49363493930503,10.289614313792384,synced
2191.0,-687.64,229.53363493930507,10.302337258463856,synced
2192.0,-687.6800000000001,229.5736349393051,10.304043203222314,synced
2193.0,-687.7200000000001,229.61363493930514,10.296472978201576,synced
2194.0,-687.76,229.65363493930508,10.164107618915065,synced
2195.0,-687.8,229.693634939305,10.14437218743225,synced
2196.0,-687.84,229.73363493930503,10.153198630761583,synced
2197.0,-687.88,229.77363493930508,10.205395953810093,synced
2198.0,-687.9200000000001,229.81363493930513,10.151225493389425,synced
2199.0,-687.96,229.85363493930504,10.046720768789985,synced
2200.0,-688.0,229.8936349393051,10.101898435391,synced
2201.0,-688.04,229.93363493930502,10.109378882951937,synced
2202.0,-688.08,229.97363493930507,10.168850033027589,synced
2203.0,-688.1200000000001,230.0136349393051,10.019991534765182,synced
2204.0,-688.1600000000001,230.05363493930514,10.00838158639683,synced
2205.0,-688.2,230.09363493930508,10.137578207298548,synced
2206.0,-688.2400000000001,230.1336349393051,10.172922632817771,synced
2207.0,-688.28,230.17363493930503,10.18152946184836,synced
2208.0,-688.32,230.21363493930508,10.189002125892799,synced
2209.0,-688.3600000000001,230.25363493930513,10.26935504016324,synced
2210.0,-688.4,230.29363493930504,10.24090507096731,synced
2211.0,-688.44,230.33363493930509,10.220955800362308,synced
2212.0,-688.48,230.37363493930502,10.239693208159984,synced
2213.0,-688.52,230.41363493930507,10.278719849224238,synced
2214.0,-688.5600000000001,230.4536349393051,10.264572598956745,synced
2215.0,-688.6000000000001,230.49363493930514,10.201141022552429,synced
2216.0,-688.64,230.53363493930507,10.1901186747142,synced
2217.0,-688.6800000000001,230.5736349393051,10.156531316793282,synced
2218.0,-688.72,230.61363493930503,10.069749770956538,synced
2219.0,-688.76,230.65363493930508,10.03884694024071,synced
2220.0,-688.8000000000001,230.69363493930513,9.985395934439145,synced
2221.0,-688.84,230.73363493930503,9.873548178307878,synced
2222.0,-688.88,230.77363493930508,9.781348336043605,synced
2223.0,-688.92,230.81363493930502,9.825542852835433,synced
2224.0,-688.96,230.85363493930504,9.800849497197284,synced
2225.0,-689.0,230.8936349393051,9.793260171383933,synced
2226.0,-689.0400000000001,230.93363493930514,9.769730635098117,synced
2227.0,-689.08,230.97363493930507,9.740452965792844,synced
2228.0,-689.1200000000001,231.0136349393051,9.792155405386804,synced
2229.0,-689.16,231.05363493930503,9.801057944768488,synced
2230.0,-689.2,231.09363493930508,9.739238480335421,synced
2231.0,-689.2400000000001,231.1336349393051,9.683444572029408,synced
2232.0,-689.2800000000001,231.17363493930515,9.822036422963198,synced
2233.0,-689.32,231.21363493930508,9.844278345040646,synced
2234.0,-689.36,231.25363493930502,9.88113560910997,synced
2235.0,-689.4,231.29363493930504,9.836363846278617,synced
2236.0,-689.44,231.33363493930509,9.76939358133022,synced
2237.0,-689.4800000000001,231.37363493930513,9.720269326673137,synced
2238.0,-689.52,231.41363493930507,9.826896368567706,synced
2239.0,-689.5600000000001,231.4536349393051,9.823570631266044,synced
2240.0,-689.6,231.49363493930503,9.841211898473091,synced
2241.0,-689.64,231.53363493930507,9.919729999087412,synced
2242.0,-689.6800000000001,231.5736349393051,9.83024640275576,synced
2243.0,-689.7200000000001,231.61363493930514,9.937408383856038,synced
2244.0,-689.76,231.65363493930508,10.037158349144203,synced
2245.0,-689.8,231.693634939305,10.027080398275267,synced
2246.0,-689.84,231.73363493930503,9.97980150894029,synced
2247.0,-689.88,231.77363493930508,9.938443856123858,synced
2248.0,-689.9200000000001,231.81363493930513,9.834389168743352,synced
2249.0,-689.96,231.85363493930507,9.855367212096677,synced
2250.0,-690.0000000000001,231.8936349393051,9.92818844807497,synced
2251.0,-690.04,231.93363493930502,10.010026570648423,synced
2252.0,-690.08,231.97363493930507,10.055252467574771,synced
2253.0,-690.1200000000001,232.0136349393051,10.015531152506973,synced
2254.0,-690.1600000000001,232.05363493930514,9.996048308570927,synced
2255.0,-690.2,232.09363493930508,9.926838599341847,synced
2256.0,-690.24,232.133634939305,9.997752650936276,synced
2257.0,-690.28,232.17363493930503,10.076980759849752,synced
2258.0,-690.32,232.21363493930508,10.109377284366783,synced
2259.0,-690.3600000000001,232.25363493930513,10.037743552032353,synced
2260.0,-690.4,232.29363493930504,9.953783079469702,synced
2261.0,-690.44,232.33363493930509,9.964213916834886,synced
2262.0,-690.48,232.37363493930502,10.054372677212097,synced
2263.0,-690.52,232.41363493930507,10.0951518453396,synced
2264.0,-690.5600000000001,232.4536349393051,10.0304838014017,synced
2265.0,-690.6000000000001,232.49363493930514,10.170032623798896,synced
2266.0,-690.64,232.53363493930507,10.257263755195535,synced
2267.0,-690.6800000000001,232.5736349393051,10.199724817330779,synced
2268.0,-690.72,232.61363493930503,10.178341165115178,synced
2269.0,-690.76,232.65363493930508,10.235146789629447,synced
2270.0,-690.8000000000001,232.69363493930513,10.235615816709064,synced
2271.0,-690.84,232.73363493930503,10.249325167381418,synced
2272.0,-690.88,232.77363493930508,10.38246054019365,synced
2273.0,-690.92,232.81363493930502,10.442872332867449,synced
2274.0,-690.96,232.85363493930507,10.348065589986133,synced
2275.0,-691.0000000000001,232.8936349393051,10.383685481334947,synced
2276.0,-691.0400000000001,232.93363493930514,10.305741809729652,synced
2277.0,-691.08,232.97363493930507,10.274001160087254,synced
2278.0,-691.1200000000001,233.0136349393051,10.247371939967497,synced
2279.0,-691.16,233.05363493930503,10.263678305564294,synced
2280.0,-691.2,233.09363493930508,10.315266756720565,synced
2281.0,-691.2400000000001,233.13363493930513,10.19972374379552,synced
2282.0,-691.2800000000001,233.17363493930515,10.137444101467441,synced
2283.0,-691.32,233.21363493930508,10.158824734438742,synced
2284.0,-691.36,233.25363493930502,10.099634044793637,synced
2285.0,-691.4,233.29363493930504,10.044878369296239,synced
2286.0,-691.44,233.33363493930509,10.024689034151212,synced
2287.0,-691.4800000000001,233.37363493930513,9.941952731411519,synced
2288.0,-691.52,233.41363493930507,10.000970314709367,synced
2289.0,-691.5600000000001,233.4536349393051,9.979737486688457,synced
2290.0,-691.6,233.49363493930503,9.934791577781542,synced
2291.0,-691.64,233.53363493930507,9.875536229683624,synced
2292.0,-691.6800000000001,233.5736349393051,9.804271155968603,synced
2293.0,-691.7200000000001,233.61363493930514,9.784058908705372,synced
2294.0,-691.76,233.65363493930508,9.774247784039236,synced
2295.0,-691.8,233.693634939305,9.888857862608514,synced
2296.0,-691.84,233.73363493930503,9.779728367357187,synced
2297.0,-691.88,233.77363493930508,9.784601110216506,synced
2298.0,-691.9200000000001,233.81363493930513,9.79186380360575,synced
2299.0,-691.96,233.85363493930507,9.746369584784365,synced
2300.0,-692.0000000000001,233.8936349393051,9.78354517822333,synced
2301.0,-692.04,233.93363493930502,9.879305130234828,synced
2302.0,-692.08,233.97363493930507,9.817803874446973,synced
2303.0,-692.1200000000001,234.0136349393051,9.780002415495371,synced
2304.0,-692.1600000000001,234.05363493930514,9.749567469447662,synced
2305.0,-692.2,234.09363493930508,9.81571189052688,synced
2306.0,-692.24,234.133634939305,9.809954710340074,synced
2307.0,-692.28,234.17363493930503,9.806482162455165,synced
2308.0,-692.32,234.21363493930508,9.77648132786757,synced
2309.0,-692.3600000000001,234.25363493930513,9.769427254100794,synced
2310.0,-692.4,234.29363493930506,9.797702043960355,synced
2311.0,-692.44,234.33363493930509,9.902638543559107,synced
2312.0,-692.48,234.37363493930502,9.95471351477395,synced
2313.0,-692.52,234.41363493930507,9.958778881490659,synced
2314.0,-692.5600000000001,234.4536349393051,10.076988054697477,synced
2315.0,-692.6000000000001,234.49363493930514,9.947389715139199,synced
2316.0,-692.64,234.53363493930507,9.969539132817173,synced
2317.0,-692.6800000000001,234.57363493930512,9.951328187071118,synced
2318.0,-692.72,234.61363493930503,9.920610463310386,synced
2319.0,-692.76,234.65363493930508,9.928800804904991,synced
2320.0,-692.8000000000001,234.69363493930513,9.920038652987074,synced
2321.0,-692.84,234.73363493930503,9.909294004706858,synced
2322.0,-692.88,234.77363493930508,10.013754960061627,synced
2323.0,-692.92,234.81363493930502,10.101141962080229,synced
2324.0,-692.96,234.85363493930507,10.006827067273626,synced
2325.0,-693.0000000000001,234.8936349393051,10.024643420851964,synced
2326.0,-693.0400000000001,234.93363493930514,10.128031634417777,synced
2327.0,-693.08,234.97363493930507,10.111770659506858,synced
2328.0,-693.1200000000001,235.0136349393051,10.152639350796244,synced
2329.0,-693.16,235.05363493930503,10.200295828045714,synced
2330.0,-693.2,235.09363493930508,10.250421363581118,synced
2331.0,-693.2400000000001,235.13363493930513,10.24766827827628,synced
2332.0,-693.28,235.17363493930503,10.229965249432095,synced
2333.0,-693.32,235.21363493930508,10.24292931671955,synced
2334.0,-693.36,235.25363493930502,10.151963985823409,synced
2335.0,-693.4,235.29363493930506,10.174912426899496,synced
2336.0,-693.44,235.33363493930509,10.217861668405437,synced
2337.0,-693.4800000000001,235.37363493930513,10.177225483913643,synced
2338.0,-693.52,235.41363493930507,10.14096122106345,synced
2339.0,-693.5600000000001,235.4536349393051,10.214481318759017,synced
2340.0,-693.6,235.49363493930503,10.306820725148658,synced
2341.0,-693.64,235.53363493930507,10.297038602462338,synced
2342.0,-693.6800000000001,235.57363493930512,10.21734508625527,synced
2343.0,-693.7200000000001,235.61363493930514,10.18624206499541,synced
2344.0,-693.76,235.65363493930508,10.09128924779612,synced
2345.0,-693.8,235.693634939305,10.096422909580127,synced
2346.0,-693.84,235.73363493930503,10.118649382343747,synced
2347.0,-693.8800000000001,235.77363493930508,10.12109046297416,synced
2348.0,-693.9200000000001,235.81363493930513,10.061660193566802,synced
2349.0,-693.96,235.85363493930507,10.03212116986807,synced
2350.0,-694.0000000000001,235.8936349393051,9.984984161091948,synced
2351.0,-694.04,235.93363493930502,9.946250717209782,synced
2352.0,-694.08,235.97363493930507,9.950040179936725,synced
2353.0,-694.1200000000001,236.0136349393051,9.871810851126984,synced
2354.0,-694.1600000000001,236.05363493930514,9.851130469603508,synced
2355.0,-694.2,236.09363493930508,9.846467001279336,synced
2356.0,-694.24,236.133634939305,9.810302760986044,synced
2357.0,-694.28,236.17363493930503,9.883498610988584,synced
2358.0,-694.32,236.21363493930508,9.846291659684203,synced
2359.0,-694.3600000000001,236.25363493930513,9.79751264568629,synced
2360.0,-694.4,236.29363493930506,9.801782486210442,synced
2361.0,-694.44,236.33363493930509,9.921344421055522,synced
2362.0,-694.48,236.37363493930502,9.847641211323864,synced
2363.0,-694.52,236.41363493930507,9.884284276933442,synced
2364.0,-694.5600000000001,236.4536349393051,9.846488276970433,synced
2365.0,-694.6000000000001,236.49363493930514,9.862962761125749,synced
2366.0,-694.64,236.53363493930507,9.836989499623861,synced
2367.0,-694.6800000000001,236.57363493930512,9.773503744522905,synced
2368.0,-694.72,236.61363493930503,9.771362618349432,synced
2369.0,-694.76,236.65363493930508,9.845941252960454,synced
2370.0,-694.8000000000001,236.69363493930513,9.845125310743107,synced
2371.0,-694.84,236.73363493930506,9.96808066007915,synced
2372.0,-694.8800000000001,236.77363493930508,9.988130602013978,synced
2373.0,-694.92,236.81363493930502,10.045618535085898,synced
2374.0,-694.96,236.85363493930507,10.093170132401852,synced
2375.0,-695.0000000000001,236.8936349393051,10.023348857897908,synced
2376.0,-695.0400000000001,236.93363493930514,10.008142750349336,synced
2377.0,-695.08,236.97363493930507,10.028522969230401,synced
2378.0,-695.1200000000001,237.01363493930512,9.989373722201655,synced
2379.0,-695.16,237.05363493930503,9.982410265431119,synced
2380.0,-695.2,237.09363493930508,9.902750375985757,synced
2381.0,-695.2400000000001,237.13363493930513,9.787997672130233,synced
2382.0,-695.28,237.17363493930503,9.769186968125787,synced
2383.0,-695.32,237.21363493930508,9.865543526347608,synced
2384.0,-695.36,237.25363493930502,9.73597672929194,synced
2385.0,-695.4,237.29363493930506,9.660045096908764,synced
2386.0,-695.44,237.33363493930509,9.765251471944957,synced
2387.0,-695.4800000000001,237.37363493930513,9.730906899715341,synced
2388.0,-695.52,237.41363493930507,9.845103463743786,synced
2389.0,-695.5600000000001,237.4536349393051,9.817238143807527,synced
2390.0,-695.6,237.49363493930503,9.874095490808642,synced
2391.0,-695.64,237.53363493930507,9.8379614827655,synced
2392.0,-695.6800000000001,237.57363493930512,9.765211116399609,synced
2393.0,-695.7200000000001,237.61363493930514,9.77910469233667,synced
2394.0,-695.76,237.65363493930508,9.778108035768396,synced
2395.0,-695.8,237.693634939305,9.839085254896517,synced
2396.0,-695.84,237.73363493930506,9.879898188648873,synced
2397.0,-695.8800000000001,237.77363493930508,9.817417292764862,synced
2398.0,-695.9200000000001,237.81363493930513,9.713113870975398,synced
2399.0,-695.96,237.85363493930507,9.738365257231152,synced
2400.0,-696.0000000000001,237.8936349393051,9.845348462886871,synced
2401.0,-696.04,237.93363493930502,9.926798639267599,synced
2402.0,-696.08,237.97363493930507,9.93003663263925,synced
2403.0,-696.1200000000001,238.01363493930512,10.037047458302695,synced
2404.0,-696.1600000000001,238.05363493930514,10.011409994342358,synced
2405.0,-696.2,238.09363493930508,10.037104608076831,synced
2406.0,-696.24,238.133634939305,10.099555152058294,synced
2407.0,-696.28,238.17363493930503,10.103128613683786,synced
2408.0,-696.32,238.21363493930508,10.122592347869496,synced
2409.0,-696.3600000000001,238.25363493930513,10.097984147282135,synced
2410.0,-696.4,238.29363493930506,10.147741815466404,synced
2411.0,-696.44,238.33363493930509,10.038607491540397,synced
2412.0,-696.48,238.37363493930502,10.055204643756422,synced
2413.0,-696.52,238.41363493930507,9.948729498227005,synced
2414.0,-696.5600000000001,238.4536349393051,9.992483245560567,synced
2415.0,-696.6000000000001,238.49363493930514,9.931094266604102,synced
2416.0,-696.64,238.53363493930507,9.953545282949893,synced
2417.0,-696.68,238.573634939305,9.953795388525922,synced
2418.0,-696.72,238.61363493930503,9.93811006403722,synced
2419.0,-696.76,238.65363493930508,9.847847194869864,synced
2420.0,-696.8000000000001,238.69363493930513,9.862983408640114,synced
2421.0,-696.84,238.73363493930506,9.90274728550611,synced
2422.0,-696.8800000000001,238.77363493930508,9.832054211119544,synced
2423.0,-696.92,238.81363493930502,9.912526261740107,synced
2424.0,-696.96,238.85363493930507,9.85688119718342,synced
2425.0,-697.0000000000001,238.8936349393051,9.797859065895365,synced
2426.0,-697.0400000000001,238.93363493930514,9.726719069439227,synced
2427.0,-697.08,238.97363493930507,9.680481667381446,synced
2428.0,-697.1200000000001,239.01363493930512,9.688864862335445,synced
2429.0,-697.16,239.05363493930503,9.80775969373826,synced
2430.0,-697.2,239.09363493930508,9.829397227145709,synced
2431.0,-697.2400000000001,239.13363493930513,9.833734486008993,synced
2432.0,-697.28,239.17363493930506,9.903979379197626,synced
2433.0,-697.32,239.21363493930508,9.913186258327489,synced
2434.0,-697.36,239.25363493930502,9.961649341124534,synced
2435.0,-697.4,239.29363493930506,10.035253978185498,synced
2436.0,-697.44,239.33363493930509,10.004897968774129,synced
2437.0,-697.4800000000001,239.37363493930513,9.995275242340673,synced
2438.0,-697.52,239.41363493930507,9.98117171539925,synced
2439.0,-697.5600000000001,239.45363493930512,10.026923802668563,synced
2440.0,-697.6,239.49363493930503,9.968199782658838,synced
2441.0,-697.64,239.53363493930507,9.898929317967543,synced
2442.0,-697.6800000000001,239.57363493930512,9.890897794698983,synced
2443.0,-697.72,239.61363493930503,9.909381122979566,synced
2444.0,-697.76,239.65363493930508,9.854478071027017,synced
2445.0,-697.8,239.693634939305,9.8883228180362,synced
2446.0,-697.84,239.73363493930506,10.006256102959021,synced
2447.0,-697.8800000000001,239.77363493930508,10.044999179518953,synced
2448.0,-697.9200000000001,239.81363493930513,10.176943159506347,synced
2449.0,-697.96,239.85363493930507,10.095593530059288,synced
2450.0,-698.0000000000001,239.8936349393051,10.160202658117345,synced
2451.0,-698.04,239.93363493930502,10.141477833912393,synced
2452.0,-698.08,239.97363493930507,10.120803687080905,synced
2453.0,-698.1200000000001,240.01363493930512,10.06296620323399,synced
2454.0,-698.1600000000001,240.05363493930514,10.118131673438002,synced
2455.0,-698.2,240.09363493930508,10.168297126137315,synced
2456.0,-698.24,240.133634939305,10.15761636177881,synced
2457.0,-698.28,240.17363493930506,10.156364858696865,synced
2458.0,-698.32,240.21363493930508,10.082316535226955,synced
2459.0,-698.3600000000001,240.25363493930513,10.037402796148065,synced
2460.0,-698.4,240.29363493930506,10.081853495442438,synced
2461.0,-698.44,240.33363493930509,10.058918411485651,synced
2462.0,-698.48,240.37363493930502,10.132351304461885,synced
2463.0,-698.52,240.41363493930507,10.193465532883582,synced
2464.0,-698.5600000000001,240.45363493930512,10.259184386122389,synced
2465.0,-698.6000000000001,240.49363493930514,10.251090749836212,synced
2466.0,-698.64,240.53363493930507,10.243603857499895,synced
2467.0,-698.68,240.573634939305,10.192241936747282,synced
2468.0,-698.72,240.61363493930503,10.156929166695306,synced
2469.0,-698.76,240.65363493930508,10.20155661714739,synced
2470.0,-698.8000000000001,240.69363493930513,10.260967440152369,synced
2471.0,-698.84,240.73363493930506,10.190613809618497,synced
2472.0,-698.8800000000001,240.77363493930508,10.072349818418868,synced
2473.0,-698.92,240.81363493930502,10.113181651236424,synced
2474.0,-698.96,240.85363493930507,10.142042791971173,synced
2475.0,-699.0000000000001,240.8936349393051,10.059510580146313,synced
2476.0,-699.0400000000001,240.93363493930514,10.05073207753615,synced
2477.0,-699.08,240.97363493930507,10.101434787807229,synced
2478.0,-699.1200000000001,241.01363493930512,10.067458220293313,synced
2479.0,-699.16,241.05363493930503,10.0171067310445,synced
2480.0,-699.2,241.09363493930508,10.017015990058331,synced
2481.0,-699.2400000000001,241.13363493930513,10.053775301670509,synced
2482.0,-699.28,241.17363493930506,10.046241227547492,synced
2483.0,-699.32,241.21363493930508,10.093065472112418,synced
2484.0,-699.36,241.25363493930502,10.039200913699254,synced
2485.0,-699.4,241.29363493930506,9.976142036395185,synced
2486.0,-699.44,241.33363493930509,9.835859502396517,synced
2487.0,-699.4800000000001,241.37363493930513,9.830160526013266,synced
2488.0,-699.52,241.41363493930507,9.797177787024935,synced
2489.0,-699.5600000000001,241.45363493930512,9.787708445419208,synced
2490.0,-699.6,241.49363493930503,9.76331327360147,synced
2491.0,-699.64,241.53363493930507,9.723766015981571,synced
2492.0,-699.6800000000001,241.57363493930512,9.839088448101329,synced
2493.0,-699.72,241.61363493930506,9.705658563184617,synced
2494.0,-699.7600000000001,241.65363493930508,9.675806675106147,synced
2495.0,-699.8,241.693634939305,9.677206722606524,synced
2496.0,-699.84,241.73363493930506,9.690904333375382,synced
2497.0,-699.8800000000001,241.77363493930508,9.671164757482975,synced
2498.0,-699.9200000000001,241.81363493930513,9.582013706916914,synced
2499.0,-699.96,241.85363493930507,9.662176793518107,synced
2500.0,-700.0000000000001,241.89363493930512,9.686237988522638,synced
2501.0,-700.04,241.93363493930502,9.55134271330449,synced
2502.0,-700.08,241.97363493930507,9.571132677844485,synced
2503.0,-700.1200000000001,242.01363493930512,9.591479110468537,synced
2504.0,-700.1600000000001,242.05363493930514,9.65194147711923,synced
2505.0,-700.2,242.09363493930508,9.80407201042044,synced
2506.0,-700.24,242.133634939305,9.838144333522148,synced
2507.0,-700.28,242.17363493930506,9.963260543044527,synced
2508.0,-700.32,242.21363493930508,10.0476774335595,synced
2509.0,-700.3600000000001,242.25363493930513,9.952457098177936,synced
2510.0,-700.4,242.29363493930506,10.003750357436946,synced
2511.0,-700.44,242.33363493930509,9.9840840471056,synced
2512.0,-700.48,242.37363493930502,9.960557301909478,synced
2513.0,-700.52,242.41363493930507,10.025184906191974,synced
2514.0,-700.5600000000001,242.45363493930512,10.027309945858875,synced
2515.0,-700.6000000000001,242.49363493930514,9.993813439140741,synced
2516.0,-700.64,242.53363493930507,9.980620299620767,synced
2517.0,-700.68,242.573634939305,10.021154467164116,synced
2518.0,-700.72,242.61363493930506,9.928226791539373,synced
2519.0,-700.7600000000001,242.65363493930508,9.893678813680529,synced
2520.0,-700.8000000000001,242.69363493930513,9.992945143253106,synced
2521.0,-700.84,242.73363493930506,10.034080242384725,synced
2522.0,-700.8800000000001,242.77363493930508,10.056296255630537,synced
2523.0,-700.92,242.81363493930502,9.985424249763453,synced
2524.0,-700.96,242.85363493930507,10.065654241395272,synced
2525.0,-701.0000000000001,242.89363493930512,10.079669828214843,synced
2526.0,-701.0400000000001,242.93363493930514,10.11327118923322,synced
2527.0,-701.08,242.97363493930507,10.067507775584517,synced
2528.0,-701.12,243.013634939305,10.026092683441012,synced
2529.0,-701.16,243.05363493930503,9.992416733917487,synced
2530.0,-701.2,243.09363493930508,9.8993914265737,synced
2531.0,-701.2400000000001,243.13363493930513,9.93883880360935,synced
2532.0,-701.28,243.17363493930506,9.881754573056401,synced
2533.0,-701.32,243.21363493930508,10.014899186534532,synced
2534.0,-701.36,243.25363493930502,9.987928736031272,synced
2535.0,-701.4,243.29363493930506,10.010090693233774,synced
2536.0,-701.44,243.33363493930509,10.02244962907528,synced
2537.0,-701.4800000000001,243.37363493930513,10.176730663280175,synced
2538.0,-701.52,243.41363493930507,10.255293020847155,synced
2539.0,-701.5600000000001,243.45363493930512,10.214020835864869,synced
2540.0,-701.6,243.49363493930503,10.19121206153384,synced
2541.0,-701.64,243.53363493930507,10.188163766978064,synced
2542.0,-701.6800000000001,243.57363493930512,10.16512372193812,synced
2543.0,-701.72,243.61363493930506,10.19982419781007,synced
2544.0,-701.7600000000001,243.65363493930508,10.166540086497644,synced
2545.0,-701.8,243.693634939305,10.17603858733862,synced
2546.0,-701.84,243.73363493930506,10.150521839524584,synced
2547.0,-701.8800000000001,243.77363493930508,10.158870509373475,synced
2548.0,-701.9200000000001,243.81363493930513,10.03813472927062,synced
2549.0,-701.96,243.85363493930507,10.01726941178016,synced
2550.0,-702.0000000000001,243.89363493930512,9.949041707921324,synced
2551.0,-702.04,243.93363493930502,9.911960776921358,synced
2552.0,-702.08,243.97363493930507,9.903834846090366,synced
2553.0,-702.1200000000001,244.01363493930512,9.785031879748217,synced
2554.0,-702.1600000000001,244.05363493930514,9.830821504279829,synced
2555.0,-702.2,244.09363493930508,9.862097412110415,synced
2556.0,-702.24,244.133634939305,9.855892785387566,synced
2557.0,-702.28,244.17363493930506,9.744114993818664,synced
2558.0,-702.32,244.21363493930508,9.7208359252271,synced
2559.0,-702.3600000000001,244.25363493930513,9.772092513838594,synced
2560.0,-702.4,244.29363493930506,9.8040923737448,synced
2561.0,-702.44,244.3336349393051,9.865599833026817,synced
2562.0,-702.48,244.37363493930502,9.820869121868746,synced
2563.0,-702.52,244.41363493930507,9.778579287541223,synced
2564.0,-702.5600000000001,244.45363493930512,9.740496446576374,synced
2565.0,-702.6000000000001,244.49363493930514,9.801325227748237,synced
2566.0,-702.64,244.53363493930507,9.788542143421841,synced
2567.0,-702.68,244.573634939305,9.906329042744467,synced
2568.0,-702.72,244.61363493930506,9.999667134800273,synced
2569.0,-702.7600000000001,244.65363493930508,10.009478922491265,synced
2570.0,-702.8000000000001,244.69363493930513,9.968625773373319,synced
2571.0,-702.84,244.73363493930506,9.979884922366677,synced
2572.0,-702.8800000000001,244.77363493930508,9.951389515489906,synced
2573.0,-702.92,244.81363493930502,9.880676794162714,synced
2574.0,-702.96,244.85363493930507,9.843421755516001,synced
2575.0,-703.0000000000001,244.89363493930512,9.796447497075533,synced
2576.0,-703.0400000000001,244.93363493930514,9.901117867299192,synced
2577.0,-703.08,244.97363493930507,9.84336102891148,synced
2578.0,-703.12,245.013634939305,9.798395681094195,synced
2579.0,-703.16,245.05363493930506,9.748416380447988,synced
2580.0,-703.2,245.09363493930508,9.837100308303759,synced
2581.0,-703.2400000000001,245.13363493930513,9.90580749427583,synced
2582.0,-703.28,245.17363493930506,9.90730203547674,synced
2583.0,-703.32,245.21363493930508,9.894520187061495,synced
2584.0,-703.36,245.25363493930502,9.898884203629388,synced
2585.0,-703.4,245.29363493930506,9.979235721921832,synced
2586.0,-703.44,245.3336349393051,9.98753702093702,synced
2587.0,-703.4800000000001,245.37363493930513,10.061305545205347,synced
2588.0,-703.52,245.41363493930507,10.053476393040883,synced
2589.0,-703.5600000000001,245.45363493930512,10.038100429565766,synced
2590.0,-703.6,245.49363493930503,9.904523809094123,synced
2591.0,-703.6400000000001,245.53363493930507,9.87850229509679,synced
2592.0,-703.6800000000001,245.57363493930512,9.872400481666155,synced
2593.0,-703.72,245.61363493930506,9.93893138338775,synced
2594.0,-703.7600000000001,245.65363493930508,9.931744026747346,synced
2595.0,-703.8,245.693634939305,9.868308293983997,synced
2596.0,-703.84,245.73363493930506,9.76249548248298,synced
2597.0,-703.8800000000001,245.77363493930508,9.817096547336202,synced
2598.0,-703.9200000000001,245.81363493930513,9.834129138091452,synced
2599.0,-703.96,245.85363493930507,9.863269965438516,synced
2600.0,-704.0000000000001,245.89363493930512,9.904348897643466,synced
2601.0,-704.04,245.93363493930502,9.804429996753905,synced
2602.0,-704.08,245.97363493930507,9.80770813403209,synced
2603.0,-704.1200000000001,246.01363493930512,9.861129333985751,synced
2604.0,-704.16,246.05363493930506,9.84067010440759,synced
2605.0,-704.2,246.09363493930508,9.848242423581176,synced
2606.0,-704.24,246.133634939305,9.867023355642047,synced
2607.0,-704.28,246.17363493930506,9.877548618959953,synced
2608.0,-704.32,246.21363493930508,9.722881066979937,synced
2609.0,-704.3600000000001,246.25363493930513,9.661090124154503,synced
2610.0,-704.4,246.29363493930506,9.566869838176562,synced
2611.0,-704.44,246.3336349393051,9.691213742891613,synced
2612.0,-704.48,246.37363493930502,9.73048517110453,synced
2613.0,-704.52,246.41363493930507,9.664117024646202,synced
2614.0,-704.5600000000001,246.45363493930512,9.75407505841186,synced
2615.0,-704.6000000000001,246.49363493930514,9.758256769263562,synced
2616.0,-704.6400000000001,246.53363493930507,9.750650608507993,synced
2617.0,-704.68,246.573634939305,9.61796376895785,synced
2618.0,-704.72,246.61363493930506,9.680986940487246,synced
2619.0,-704.7600000000001,246.65363493930508,9.75353005810453,synced
2620.0,-704.8000000000001,246.69363493930513,9.802871478548747,synced
2621.0,-704.84,246.73363493930506,9.910860561117563,synced
2622.0,-704.8800000000001,246.7736349393051,9.863858435173011,synced
2623.0,-704.92,246.81363493930502,9.909668791176497,synced
2624.0,-704.96,246.85363493930507,9.825521198748245,synced
2625.0,-705.0000000000001,246.89363493930512,9.822350600174667,synced
2626.0,-705.0400000000001,246.93363493930514,9.857699551430677,synced
2627.0,-705.08,246.97363493930507,9.902029694118575,synced
2628.0,-705.12,247.013634939305,9.932214968082942,synced
2629.0,-705.16,247.05363493930506,9.857028724244099,synced
2630.0,-705.2,247.09363493930508,9.851564486449194,synced
2631.0,-705.2400000000001,247.13363493930513,9.831182435159015,synced
2632.0,-705.28,247.17363493930506,9.748794496125202,synced
2633.0,-705.32,247.21363493930508,9.613249390350354,synced
2634.0,-705.36,247.25363493930502,9.603329107257586,synced
2635.0,-705.4,247.29363493930506,9.628470984561321,synced
2636.0,-705.44,247.3336349393051,9.76291567005838,synced
2637.0,-705.4800000000001,247.37363493930513,9.82832997615346,synced
2638.0,-705.52,247.41363493930507,9.864492863242425,synced
2639.0,-705.5600000000001,247.45363493930512,9.953529614273204,synced
2640.0,-705.6,247.49363493930505,9.96537480091375,synced
2641.0,-705.6400000000001,247.53363493930507,9.977349179146056,synced
2642.0,-705.6800000000001,247.57363493930512,10.019792243152082,synced
2643.0,-705.72,247.61363493930506,10.013966630209259,synced
2644.0,-705.7600000000001,247.65363493930508,9.95348831720233,synced
2645.0,-705.8,247.693634939305,10.088626809662493,synced
2646.0,-705.84,247.73363493930506,10.108952461513887,synced
2647.0,-705.8800000000001,247.7736349393051,10.052164103021788,synced
2648.0,-705.9200000000001,247.81363493930513,10.025232040639764,synced
2649.0,-705.96,247.85363493930507,9.966963542191621,synced
2650.0,-706.0000000000001,247.89363493930512,9.904905831740308,synced
2651.0,-706.04,247.93363493930502,9.855771902923749,synced
2652.0,-706.08,247.97363493930507,9.84779555170956,synced
2653.0,-706.1200000000001,248.01363493930512,9.900478161566028,synced
2654.0,-706.16,248.05363493930506,9.99994125874515,synced
2655.0,-706.2,248.09363493930508,9.996678180218211,synced
2656.0,-706.24,248.133634939305,9.93737738274536,synced
2657.0,-706.28,248.17363493930506,10.044994014392184,synced
2658.0,-706.32,248.21363493930508,10.021703330953757,synced
2659.0,-706.3600000000001,248.25363493930513,10.086520556820355,synced
2660.0,-706.4,248.29363493930506,10.09594054617069,synced
2661.0,-706.44,248.3336349393051,10.047036209929082,synced
2662.0,-706.48,248.37363493930502,10.05746735929247,synced
2663.0,-706.52,248.41363493930507,10.088535872670224,synced
2664.0,-706.5600000000001,248.45363493930512,10.103245104273629,synced
2665.0,-706.6000000000001,248.49363493930514,10.114739673830254,synced
2666.0,-706.6400000000001,248.53363493930507,10.056688554776262,synced
2667.0,-706.68,248.573634939305,10.099893887137057,synced
2668.0,-706.72,248.61363493930506,10.034242958251728,synced
2669.0,-706.7600000000001,248.65363493930508,10.10419537313323,synced
2670.0,-706.8000000000001,248.69363493930513,10.12634477737928,synced
2671.0,-706.84,248.73363493930506,10.127007956733713,synced
2672.0,-706.8800000000001,248.7736349393051,10.1986041767802,synced
2673.0,-706.92,248.81363493930502,10.250644588058687,synced
2674.0,-706.96,248.85363493930507,10.25046970086163,synced
2675.0,-707.0000000000001,248.89363493930512,10.147540880850459,synced
2676.0,-707.0400000000001,248.93363493930514,10.072336289268291,synced
2677.0,-707.08,248.97363493930507,10.030302811669722,synced
2678.0,-707.12,249.013634939305,9.973122844057936,synced
2679.0,-707.16,249.05363493930506,9.958726965277776,synced
2680.0,-707.2,249.09363493930508,9.971134854907637,synced
2681.0,-707.2400000000001,249.13363493930513,9.990673397505368,synced
2682.0,-707.28,249.17363493930506,9.95898850474386,synced
2683.0,-707.32,249.2136349393051,9.987606445271858,synced
2684.0,-707.36,249.25363493930502,9.97367676244776,synced
2685.0,-707.4,249.29363493930506,9.933033403005442,synced
2686.0,-707.44,249.3336349393051,9.986387984654122,synced
2687.0,-707.4800000000001,249.37363493930513,9.96427038775094,synced
2688.0,-707.52,249.41363493930507,9.991335326836492,synced
2689.0,-707.56,249.453634939305,9.903406224178068,synced
2690.0,-707.6,249.49363493930505,9.80845184347734,synced
2691.0,-707.6400000000001,249.53363493930507,9.745943368200116,synced
2692.0,-707.6800000000001,249.57363493930512,9.764953366308005,synced
2693.0,-707.72,249.61363493930506,9.699803961534691,synced
2694.0,-707.7600000000001,249.65363493930508,9.739374162758164,synced
2695.0,-707.8,249.693634939305,9.725184338076009,synced
2696.0,-707.84,249.73363493930506,9.774226961871356,synced
2697.0,-707.8800000000001,249.7736349393051,9.886997849124057,synced
2698.0,-707.9200000000001,249.81363493930513,9.912544844393189,synced
2699.0,-707.96,249.85363493930507,9.950594696200632,synced
2700.0,-708.0000000000001,249.89363493930512,9.990594696200672,synced
2701.0,-708.04,249.93363493930505,10.030594696200602,synced
2702.0,-708.08,249.97363493930507,10.07059469620064,synced
2703.0,-708.1200000000001,250.01363493930512,10.110594696200682,synced
2704.0,-708.16,250.05363493930506,10.15059469620061,synced
2705.0,-708.2,250.09363493930508,10.19059469620065,synced
2706.0,-708.24,250.133634939305,10.23059469620058,synced
2707.0,-708.28,250.17363493930506,10.270594696200618,synced
2708.0,-708.32,250.2136349393051,10.31059469620066,synced
2709.0,-708.3600000000001,250.25363493930513,10.350594696200698,synced
2710.0,-708.4,250.29363493930506,10.390594696200628,synced
2711.0,-708.44,250.3336349393051,10.430594696200668,synced
2712.0,-708.48,250.37363493930502,10.470594696200596,synced
2713.0,-708.52,250.41363493930507,10.510594696200638,synced
2714.0,-708.5600000000001,250.45363493930512,10.550594696200676,synced
2715.0,-708.6,250.49363493930505,10.590594696200606,synced
2716.0,-708.6400000000001,250.53363493930507,10.630594696200646,synced
2717.0,-708.68,250.573634939305,10.670594696200574,synced
2718.0,-708.72,250.61363493930506,10.710594696200616,synced
2719.0,-708.7600000000001,250.65363493930508,10.750594696200654,synced
2720.0,-708.8000000000001,250.69363493930513,10.790594696200696,synced
2721.0,-708.84,250.73363493930506,10.830594696200624,synced
2722.0,-708.8800000000001,250.7736349393051,10.870594696200664,synced
2723.0,-708.92,250.81363493930502,10.910594696200594,synced
2724.0,-708.96,250.85363493930507,10.950594696200632,synced
2725.0,-709.0000000000001,250.89363493930512,10.990594696200674,synced
2726.0,-709.0400000000001,250.93363493930514,11.030594696200712,synced
2727.0,-709.08,250.97363493930507,11.070594696200642,synced
2728.0,-709.12,251.013634939305,11.110594696200572,synced
2729.0,-709.16,251.05363493930506,11.15059469620061,synced
2730.0,-709.2,251.09363493930508,11.190594696200652,holdover
2731.0,-709.2400000000001,251.13363493930513,11.23059469620069,holdover
2732.0,-709.28,251.17363493930506,11.27059469620062,holdover
2733.0,-709.32,251.2136349393051,11.31059469620066,holdover
2734.0,-709.36,251.25363493930502,11.350594696200588,holdover
2735.0,-709.4,251.29363493930506,11.39059469620063,holdover
2736.0,-709.44,251.3336349393051,11.430594696200668,holdover
2737.0,-709.4800000000001,251.37363493930513,11.47059469620071,holdover
2738.0,-709.5200000000001,251.41363493930507,11.510594696200638,holdover
2739.0,-709.56,251.453634939305,11.550594696200566,holdover
2740.0,-709.6,251.49363493930505,11.590594696200608,holdover
2741.0,-709.6400000000001,251.53363493930507,11.630594696200646,holdover
2742.0,-709.6800000000001,251.57363493930512,11.670594696200688,holdover
2743.0,-709.72,251.61363493930506,11.710594696200616,holdover
2744.0,-709.7600000000001,251.6536349393051,11.750594696200656,holdover
2745.0,-709.8,251.693634939305,11.790594696200586,holdover
2746.0,-709.84,251.73363493930506,11.830594696200624,holdover
2747.0,-709.8800000000001,251.7736349393051,11.870594696200666,holdover
2748.0,-709.9200000000001,251.81363493930513,11.910594696200704,holdover
2749.0,-709.96,251.85363493930507,11.950594696200634,holdover
2750.0,-710.0000000000001,251.89363493930512,11.990594696200674,holdover
2751.0,-710.04,251.93363493930505,12.030594696200602,holdover
2752.0,-710.08,251.97363493930507,12.070594696200644,holdover
2753.0,-710.1200000000001,252.01363493930512,12.110594696200682,holdover
2754.0,-710.16,252.05363493930506,12.150594696200612,holdover
2755.0,-710.2,252.09363493930508,12.190594696200652,holdover
2756.0,-710.24,252.133634939305,12.23059469620058,holdover
2757.0,-710.28,252.17363493930506,12.270594696200622,holdover
2758.0,-710.32,252.2136349393051,12.31059469620066,holdover
2759.0,-710.3600000000001,252.25363493930513,12.350594696200702,holdover
2760.0,-710.4,252.29363493930506,10.278689726821778,synced
2761.0,-710.44,252.3336349393051,10.201631654519595,synced
2762.0,-710.48,252.37363493930505,10.34474021166254,synced
2763.0,-710.5200000000001,252.41363493930507,10.335862775648796,synced
2764.0,-710.5600000000001,252.45363493930512,10.284542062023005,synced
2765.0,-710.6,252.49363493930505,10.3402001733105,synced
2766.0,-710.6400000000001,252.53363493930507,10.267401524758245,synced
2767.0,-710.68,252.573634939305,10.258309279708167,synced
2768.0,-710.72,252.61363493930506,10.221201047104778,synced
2769.0,-710.7600000000001,252.6536349393051,10.184183462323748,synced
2770.0,-710.8000000000001,252.69363493930513,10.075140348932642,synced
2771.0,-710.84,252.73363493930506,10.126958155009413,synced
2772.0,-710.8800000000001,252.7736349393051,9.963357379748405,synced
2773.0,-710.92,252.81363493930502,9.914777557484378,synced
2774.0,-710.96,252.85363493930507,9.922322183737343,synced
2775.0,-711.0000000000001,252.89363493930512,9.955691737891236,synced
2776.0,-711.0400000000001,252.93363493930516,9.939117345005855,synced
2777.0,-711.08,252.97363493930507,9.984346960273172,synced
2778.0,-711.12,253.013634939305,9.917491072387929,synced
2779.0,-711.16,253.05363493930506,9.949334061124858,synced
2780.0,-711.2,253.09363493930508,9.904000520651435,synced
2781.0,-711.2400000000001,253.13363493930513,9.942361673517697,synced
2782.0,-711.28,253.17363493930506,9.934213731133678,synced
2783.0,-711.32,253.2136349393051,9.908137018335594,synced
2784.0,-711.36,253.25363493930502,9.918660290268445,synced
2785.0,-711.4,253.29363493930506,9.961994130170627,synced
2786.0,-711.44,253.3336349393051,9.914332292794704,synced
2787.0,-711.4800000000001,253.37363493930513,9.959972126610595,synced
2788.0,-711.5200000000001,253.41363493930507,10.018441449511917,synced
2789.0,-711.56,253.453634939305,10.060141901627961,synced
2790.0,-711.6,253.49363493930505,10.083592359390048,synced
2791.0,-711.6400000000001,253.53363493930507,10.095865349135313,synced
2792.0,-711.6800000000001,253.57363493930512,10.117845428860072,synced
2793.0,-711.72,253.61363493930506,10.13559998965896,synced
2794.0,-711.7600000000001,253.6536349393051,10.131785303749584,synced
2795.0,-711.8,253.693634939305,10.073624438253216,synced
2796.0,-711.84,253.73363493930506,9.990283272277246,synced
2797.0,-711.8800000000001,253.7736349393051,10.054895997334778,synced
2798.0,-711.9200000000001,253.81363493930513,10.074203357849033,synced
2799.0,-711.96,253.85363493930507,10.082169695625476,synced
2800.0,-712.0,253.893634939305,10.115958183293028,synced
2801.0,-712.04,253.93363493930505,10.175574577131364,synced
2802.0,-712.08,253.97363493930507,10.166086185053436,synced
2803.0,-712.1200000000001,254.01363493930512,10.189852069834915,synced
2804.0,-712.16,254.05363493930506,10.173430909573566,synced
2805.0,-712.2,254.0936349393051,10.15816934486391,synced
2806.0,-712.24,254.133634939305,10.116309636990838,synced
2807.0,-712.28,254.17363493930506,10.12211929592044,synced
2808.0,-712.32,254.2136349393051,10.13835399798646,synced
2809.0,-712.3600000000001,254.25363493930513,10.215995946119104,synced
2810.0,-712.4,254.29363493930506,10.235268384905405,synced
2811.0,-712.44,254.3336349393051,10.188439942808047,synced
2812.0,-712.48,254.37363493930505,10.148571144794616,synced
2813.0,-712.5200000000001,254.41363493930507,10.127636530084638,synced
2814.0,-712.5600000000001,254.45363493930512,10.186155495259364,synced
2815.0,-712.6,254.49363493930505,10.143998933119235,synced
2816.0,-712.6400000000001,254.53363493930507,10.139430596296627,synced
2817.0,-712.68,254.573634939305,10.216104120315705,synced
2818.0,-712.72,254.61363493930506,10.254830806506687,synced
2819.0,-712.7600000000001,254.6536349393051,10.281474265613767,synced
2820.0,-712.8000000000001,254.69363493930513,10.256666786659485,synced
2821.0,-712.84,254.73363493930506,10.2450493653512,synced
2822.0,-712.8800000000001,254.7736349393051,10.228313578077298,synced
2823.0,-712.92,254.81363493930505,10.145692319291522,synced
2824.0,-712.96,254.85363493930507,10.112413500421248,synced
2825.0,-713.0000000000001,254.89363493930512,10.159976432002061,synced
2826.0,-713.0400000000001,254.93363493930516,10.113543290897198,synced
2827.0,-713.08,254.97363493930507,10.2096478272945,synced
2828.0,-713.12,255.013634939305,10.169815265292591,synced
2829.0,-713.16,255.05363493930506,10.165743507129289,synced
2830.0,-713.2,255.0936349393051,10.206620517261399,synced
2831.0,-713.2400000000001,255.13363493930513,10.240333755022535,synced
2832.0,-713.28,255.17363493930506,10.22436346718858,synced
2833.0,-713.32,255.2136349393051,10.219919828348578,synced
2834.0,-713.36,255.25363493930502,10.235705929253491,synced
2835.0,-713.4000000000001,255.29363493930506,10.153160537671013,synced
2836.0,-713.44,255.3336349393051,10.120779156682524,synced
2837.0,-713.4800000000001,255.37363493930516,10.183719052537455,synced
2838.0,-713.5200000000001,255.41363493930507,10.175135398465152,synced
2839.0,-713.56,255.453634939305,10.263112818676646,synced
2840.0,-713.6,255.49363493930505,10.187645677276036,synced
2841.0,-713.6400000000001,255.53363493930507,10.172944157489262,synced
2842.0,-713.6800000000001,255.57363493930512,10.15122028683102,synced
2843.0,-713.72,255.61363493930506,10.072399330684267,synced
2844.0,-713.7600000000001,255.6536349393051,10.092569168310028,synced
2845.0,-713.8,255.693634939305,10.118021128291632,synced
2846.0,-713.84,255.73363493930506,10.17279240050961,synced
2847.0,-713.8800000000001,255.7736349393051,10.180233254114658,synced
2848.0,-713.9200000000001,255.81363493930513,10.22717258383732,synced
2849.0,-713.96,255.85363493930507,10.273964957073778,synced
2850.0,-714.0,255.893634939305,10.24845693278753,synced
2851.0,-714.04,255.93363493930505,10.186216066789267,synced
2852.0,-714.08,255.97363493930507,10.058950689767144,synced
2853.0,-714.1200000000001,256.0136349393051,10.095687575298662,synced
2854.0,-714.16,256.053634939305,10.088287082656521,synced
2855.0,-714.2,256.0936349393051,10.021892746583273,synced
2856.0,-714.24,256.133634939305,10.000925702305041,synced
2857.0,-714.28,256.1736349393051,10.075143110423902,synced
2858.0,-714.32,256.2136349393051,9.992428646413476,synced
2859.0,-714.3600000000001,256.25363493930513,9.946770342771917,synced
2860.0,-714.4000000000001,256.2936349393051,9.890784557708866,synced
2861.0,-714.44,256.3336349393051,9.934767623232755,synced
2862.0,-714.48,256.373634939305,9.954256213587254,synced
2863.0,-714.5200000000001,256.4136349393051,10.05577790369494,synced
2864.0,-714.5600000000001,256.4536349393051,10.019941300348778,synced
2865.0,-714.6,256.493634939305,9.996803088305528,synced
2866.0,-714.6400000000001,256.5336349393051,9.939011746413428,synced
2867.0,-714.68,256.573634939305,9.89887014105073,synced
2868.0,-714.72,256.61363493930503,9.957090464272845,synced
2869.0,-714.7600000000001,256.6536349393051,9.870850578397206,synced
2870.0,-714.8000000000001,256.6936349393051,9.947858552168952,synced
2871.0,-714.84,256.7336349393051,9.985446706183287,synced
2872.0,-714.8800000000001,256.7736349393051,9.98501010111541,synced
2873.0,-714.92,256.813634939305,10.063119969883072,synced
2874.0,-714.96,256.8536349393051,10.068231465667266,synced
2875.0,-715.0000000000001,256.8936349393051,9.967851591422994,synced
2876.0,-715.04,256.933634939305,9.926934675100307,synced
2877.0,-715.08,256.9736349393051,10.014166363791821,synced
2878.0,-715.12,257.013634939305,9.974841873657937,synced
2879.0,-715.16,257.053634939305,10.042060894416283,synced
2880.0,-715.2,257.0936349393051,9.971804237059345,synced
2881.0,-715.2400000000001,257.1336349393051,9.940116071736615,synced
2882.0,-715.28,257.1736349393051,9.849769881257409,synced
2883.0,-715.32,257.2136349393051,9.744655112935984,synced
2884.0,-715.36,257.253634939305,9.677118312501953,synced
2885.0,-715.4000000000001,257.2936349393051,9.707621103804854,synced
2886.0,-715.44,257.3336349393051,9.674870528097014,synced
2887.0,-715.4800000000001,257.37363493930513,9.791940572537072,synced
2888.0,-715.5200000000001,257.4136349393051,9.715054982938675,synced
2889.0,-715.56,257.453634939305,9.719936401589635,synced
2890.0,-715.6,257.493634939305,9.786794424300416,synced
2891.0,-715.6400000000001,257.5336349393051,9.764495106695414,synced
2892.0,-715.6800000000001,257.5736349393051,9.848501494379658,synced
2893.0,-715.72,257.6136349393051,9.822703666314325,synced
2894.0,-715.7600000000001,257.6536349393051,9.882977877326727,synced
2895.0,-715.8,257.693634939305,9.804861954297529,synced
2896.0,-715.84,257.7336349393051,9.76814450868635,synced
2897.0,-715.8800000000001,257.7736349393051,9.767155083432954,synced
2898.0,-715.9200000000001,257.81363493930513,9.727283011675247,synced
2899.0,-715.96,257.8536349393051,9.812204779929058,synced
2900.0,-716.0,257.893634939305,9.782540106925918,synced
2901.0,-716.04,257.933634939305,9.871779596428043,synced
2902.0,-716.08,257.9736349393051,9.89857097533453,synced
2903.0,-716.1200000000001,258.0136349393051,9.896296571889284,synced
2904.0,-716.16,258.053634939305,9.933702122917554,synced
2905.0,-716.2,258.0936349393051,9.888692547133315,synced
2906.0,-716.24,258.133634939305,9.986078936858544,synced
2907.0,-716.28,258.1736349393051,9.9698252288003,synced
2908.0,-716.32,258.2136349393051,9.960919076756337,synced
2909.0,-716.3600000000001,258.25363493930513,9.964880783530305,synced
2910.0,-716.4000000000001,258.2936349393051,10.008481717813765,synced
2911.0,-716.44,258.3336349393051,10.04484448570575,synced
2912.0,-716.48,258.373634939305,9.968959454899506,synced
2913.0,-716.5200000000001,258.4136349393051,9.900254047427337,synced
2914.0,-716.5600000000001,258.4536349393051,10.020802286875519,synced
2915.0,-716.6,258.493634939305,10.032271253359593,synced
2916.0,-716.6400000000001,258.5336349393051,10.08260841615427,synced
2917.0,-716.68,258.573634939305,10.098522260752919,synced
2918.0,-716.72,258.6136349393051,10.010676599156444,synced
2919.0,-716.7600000000001,258.6536349393051,9.988706206560227,synced
2920.0,-716.8000000000001,258.6936349393051,9.899825126937767,synced
2921.0,-716.84,258.7336349393051,9.824463831395347,synced
2922.0,-716.8800000000001,258.7736349393051,9.800111709823423,synced
2923.0,-716.92,258.813634939305,9.856680835107046,synced
2924.0,-716.96,258.8536349393051,9.874604686896603,synced
2925.0,-717.0000000000001,258.8936349393051,9.957875498816215,synced
2926.0,-717.04,258.933634939305,10.013574778674815,synced
2927.0,-717.08,258.9736349393051,9.98593942443382,synced
2928.0,-717.12,259.013634939305,9.981387226800864,synced
2929.0,-717.16,259.053634939305,9.916415102176002,synced
2930.0,-717.2,259.0936349393051,9.88131837212547,synced
2931.0,-717.2400000000001,259.1336349393051,9.840280620930674,synced
2932.0,-717.28,259.1736349393051,9.946859487414361,synced
2933.0,-717.32,259.2136349393051,10.026846442157456,synced
2934.0,-717.36,259.253634939305,10.006410738715,synced
2935.0,-717.4000000000001,259.2936349393051,9.974789736414857,synced
2936.0,-717.44,259.3336349393051,10.015462694219712,synced
2937.0,-717.4800000000001,259.37363493930513,10.044077824219787,synced
2938.0,-717.5200000000001,259.4136349393051,9.950144050820175,synced
2939.0,-717.56,259.453634939305,9.96509877783247,synced
2940.0,-717.6,259.493634939305,9.951426193079428,synced
2941.0,-717.6400000000001,259.5336349393051,9.96539565946042,synced
2942.0,-717.6800000000001,259.5736349393051,9.990972737152104,synced
2943.0,-717.72,259.6136349393051,9.898735910095159,synced
2944.0,-717.7600000000001,259.6536349393051,9.91962014761183,synced
2945.0,-717.8,259.693634939305,10.008824469402878,synced
2946.0,-717.84,259.7336349393051,9.966251510553302,synced
2947.0,-717.8800000000001,259.7736349393051,10.040370601309135,synced
2948.0,-717.9200000000001,259.81363493930513,10.009055519437094,synced
2949.0,-717.96,259.8536349393051,9.992747556934134,synced
2950.0,-718.0,259.893634939305,9.946787667258427,synced
2951.0,-718.04,259.933634939305,9.929844015687305,synced
2952.0,-718.08,259.9736349393051,9.960940385700834,synced
2953.0,-718.1200000000001,260.0136349393051,9.879459395603307,synced
2954.0,-718.16,260.0536349393051,9.960578214952776,synced
2955.0,-718.2,260.0936349393051,9.8980407632564,synced
2956.0,-718.24,260.133634939305,9.970097900392938,synced
2957.0,-718.28,260.1736349393051,10.000427030969261,synced
2958.0,-718.32,260.2136349393051,10.085841631368497,synced
2959.0,-718.3600000000001,260.25363493930513,9.99863539986734,synced
2960.0,-718.4000000000001,260.2936349393051,9.96952184721367,synced
2961.0,-718.4399999999999,260.333634939305,9.987869870397015,synced
2962.0,-718.48,260.373634939305,10.094084345895094,synced
2963.0,-718.5200000000001,260.4136349393051,10.0845812090542,synced
2964.0,-718.5600000000001,260.4536349393051,10.092538180136001,synced
2965.0,-718.6,260.493634939305,10.151840302913829,synced
2966.0,-718.6400000000001,260.5336349393051,10.126205665240695,synced
2967.0,-718.68,260.573634939305,10.118613178350277,synced
2968.0,-718.72,260.6136349393051,10.189826413331993,synced
2969.0,-718.7600000000001,260.6536349393051,10.113105219398566,synced
2970.0,-718.8000000000001,260.6936349393051,10.08971712190776,synced
2971.0,-718.84,260.7336349393051,10.050481665094924,synced
2972.0,-718.8800000000001,260.7736349393051,10.124213593995734,synced
2973.0,-718.92,260.813634939305,10.049306481188957,synced
2974.0,-718.96,260.8536349393051,10.193513420405086,synced
2975.0,-719.0000000000001,260.8936349393051,10.171976430934038,synced
2976.0,-719.04,260.933634939305,10.261096796750246,synced
2977.0,-719.08,260.9736349393051,10.263033525839571,synced
2978.0,-719.12,261.013634939305,10.197454443093946,synced
2979.0,-719.16,261.0536349393051,10.226533803297189,synced
2980.0,-719.2,261.0936349393051,10.281170023156205,synced
2981.0,-719.2400000000001,261.1336349393051,10.230029842872135,synced
2982.0,-719.2800000000001,261.1736349393051,10.164603866579691,synced
2983.0,-719.32,261.2136349393051,10.07894145482313,synced
2984.0,-719.36,261.253634939305,10.083427232226105,synced
2985.0,-719.4000000000001,261.2936349393051,10.118314074950119,synced
2986.0,-719.44,261.3336349393051,10.21542183271551,synced
2987.0,-719.48,261.373634939305,10.231610178479066,synced
2988.0,-719.5200000000001,261.4136349393051,10.130670692148902,synced
2989.0,-719.56,261.453634939305,10.189577668203276,synced
2990.0,-719.6,261.493634939305,10.204689846114,synced
2991.0,-719.6400000000001,261.5336349393051,10.147517437885668,synced
2992.0,-719.6800000000001,261.5736349393051,10.217703461016136,synced
2993.0,-719.72,261.6136349393051,10.112769642775078,synced
2994.0,-719.7600000000001,261.6536349393051,10.083567072507016,synced
2995.0,-719.8,261.693634939305,10.05591276954043,synced
2996.0,-719.84,261.7336349393051,10.150841195902593,synced
2997.0,-719.8800000000001,261.7736349393051,10.184820168469333,synced
2998.0,-719.9200000000001,261.81363493930513,10.207041553826123,synced
2999.0,-719.96,261.8536349393051,10.250818320355904,synced
3000.0,-720.0,261.893634939305,10.231990793927892,synced
3001.0,-720.04,261.933634939305,10.285351009805765,synced
3002.0,-720.08,261.9736349393051,10.335077940889391,synced
3003.0,-720.1200000000001,262.0136349393051,10.32627481838011,synced
3004.0,-720.16,262.0536349393051,10.347786473355548,synced
3005.0,-720.2,262.0936349393051,10.456425483678643,synced
3006.0,-720.24,262.133634939305,10.535578129666657,synced
3007.0,-720.2800000000001,262.1736349393051,10.571649397744576,synced
3008.0,-720.32,262.2136349393051,10.530548261746041,synced
3009.0,-720.3600000000001,262.25363493930513,10.51266566870912,synced
3010.0,-720.4000000000001,262.2936349393051,10.50397928227975,synced
3011.0,-720.4399999999999,262.333634939305,10.549970372652929,synced
3012.0,-720.48,262.373634939305,10.54820071623974,synced
3013.0,-720.5200000000001,262.4136349393051,10.397222606794209,synced
3014.0,-720.5600000000001,262.4536349393051,10.378261687760348,synced
3015.0,-720.6,262.4936349393051,10.336035799360932,synced
3016.0,-720.6400000000001,262.5336349393051,10.309939553181602,synced
3017.0,-720.68,262.573634939305,10.227067125252232,synced
3018.0,-720.72,262.6136349393051,10.280614996057258,synced
3019.0,-720.7600000000001,262.6536349393051,10.196638497299904,synced
3020.0,-720.8000000000001,262.6936349393051,10.188662718237707,synced
3021.0,-720.84,262.7336349393051,10.251035142035514,synced
3022.0,-720.8800000000001,262.7736349393051,10.253710008963024,synced
3023.0,-720.92,262.813634939305,10.134909668882974,synced
3024.0,-720.96,262.8536349393051,10.177230570302399,synced
3025.0,-721.0000000000001,262.8936349393051,10.225612058220035,synced
3026.0,-721.04,262.933634939305,10.13813112123052,synced
3027.0,-721.08,262.9736349393051,10.079224017129796,synced
3028.0,-721.12,263.013634939305,10.027538178816853,synced
3029.0,-721.16,263.0536349393051,10.014702656374608,synced
3030.0,-721.2,263.0936349393051,9.961840798333398,synced
3031.0,-721.2400000000001,263.1336349393051,9.92293034036329,synced
3032.0,-721.2800000000001,263.1736349393051,10.032557250349239,synced
3033.0,-721.32,263.2136349393051,10.068942321757369,synced
3034.0,-721.36,263.253634939305,10.095494719817522,synced
3035.0,-721.4000000000001,263.2936349393051,10.02345146127026,synced
3036.0,-721.44,263.3336349393051,10.036198109273698,synced
3037.0,-721.48,263.373634939305,9.999100515044823,synced
3038.0,-721.5200000000001,263.4136349393051,10.017621605430849,synced
3039.0,-721.56,263.453634939305,9.99999292097975,synced
3040.0,-721.6,263.4936349393051,10.05189283246677,synced
3041.0,-721.6400000000001,263.5336349393051,9.963684712803843,synced
3042.0,-721.6800000000001,263.5736349393051,9.89089799433851,synced
3043.0,-721.72,263.6136349393051,9.829410104981617,synced
3044.0,-721.7600000000001,263.6536349393051,9.786777317084105,synced
3045.0,-721.8,263.693634939305,9.8571765104567,synced
3046.0,-721.84,263.7336349393051,9.890690320892848,synced
3047.0,-721.8800000000001,263.7736349393051,9.837702873787158,synced
3048.0,-721.9200000000001,263.81363493930513,9.865440855122309,synced
3049.0,-721.96,263.8536349393051,9.938180908082073,synced
3050.0,-722.0,263.893634939305,9.955732379211213,synced
3051.0,-722.04,263.933634939305,9.8811719666414,synced
3052.0,-722.08,263.9736349393051,9.948805473658396,synced
3053.0,-722.1200000000001,264.0136349393051,9.808795551187742,synced
3054.0,-722.16,264.0536349393051,9.772784883010699,synced
3055.0,-722.2,264.0936349393051,9.814774303529061,synced
3056.0,-722.24,264.133634939305,9.821858095537927,synced
3057.0,-722.2800000000001,264.1736349393051,9.847181332663713,synced
3058.0,-722.32,264.2136349393051,9.822832895091338,synced
3059.0,-722.3600000000001,264.25363493930513,9.815905301895246,synced
3060.0,-722.4000000000001,264.2936349393051,9.874730897837525,synced
3061.0,-722.4399999999999,264.333634939305,9.82982329148685,synced
3062.0,-722.48,264.373634939305,9.805923036600884,synced
3063.0,-722.5200000000001,264.4136349393051,9.917312019181889,synced
3064.0,-722.5600000000001,264.4536349393051,9.911630236103196,synced
3065.0,-722.6,264.4936349393051,9.942649950280046,synced
3066.0,-722.6400000000001,264.5336349393051,9.977172157846104,synced
3067.0,-722.68,264.573634939305,9.996731744745135,synced
3068.0,-722.72,264.6136349393051,9.996546118093196,synced
3069.0,-722.7600000000001,264.6536349393051,10.023135451703858,synced
3070.0,-722.8000000000001,264.6936349393051,10.041525592665801,synced
3071.0,-722.84,264.7336349393051,10.051884167495029,synced
3072.0,-722.8800000000001,264.7736349393051,10.083490898734615,synced
3073.0,-722.92,264.813634939305,10.0623008652998,synced
3074.0,-722.96,264.8536349393051,10.043331701577118,synced
3075.0,-723.0000000000001,264.8936349393051,10.041057527785057,synced
3076.0,-723.04,264.9336349393051,9.91841726458864,synced
3077.0,-723.08,264.9736349393051,9.8826379802468,synced
3078.0,-723.12,265.013634939305,9.969506071045963,synced
3079.0,-723.1600000000001,265.0536349393051,10.041948390094536,synced
3080.0,-723.2,265.0936349393051,9.999924130325466,synced
3081.0,-723.2400000000001,265.1336349393051,10.0588718589254,synced
3082.0,-723.2800000000001,265.1736349393051,9.992747774224654,synced
3083.0,-723.32,265.2136349393051,9.867999626770985,synced
3084.0,-723.36,265.253634939305,9.838916609451909,synced
3085.0,-723.4000000000001,265.2936349393051,9.857278781417955,synced
3086.0,-723.44,265.3336349393051,9.792248120025215,synced
3087.0,-723.48,265.373634939305,9.752773272518667,synced
3088.0,-723.5200000000001,265.4136349393051,9.746665557401002,synced
3089.0,-723.56,265.453634939305,9.799852629901572,synced
3090.0,-723.6,265.4936349393051,9.850352569422904,synced
3091.0,-723.6400000000001,265.5336349393051,9.933516691665979,synced
3092.0,-723.6800000000001,265.5736349393051,9.867381161754118,synced
3093.0,-723.72,265.6136349393051,9.849149592856321,synced
3094.0,-723.7600000000001,265.6536349393051,9.881942939603206,synced
3095.0,-723.8,265.693634939305,9.853970290074177,synced
3096.0,-723.84,265.7336349393051,9.866279573824466,synced
3097.0,-723.8800000000001,265.7736349393051,9.801994690298299,synced
3098.0,-723.9200000000001,265.81363493930513,9.885955041155526,synced
3099.0,-723.96,265.8536349393051,9.876083451791029,synced
3100.0,-724.0,265.893634939305,9.888716398407716,synced
3101.0,-724.04,265.9336349393051,9.798092945157988,synced
3102.0,-724.08,265.9736349393051,9.748400115487389,synced
3103.0,-724.1200000000001,266.0136349393051,9.724394434176054,synced
3104.0,-724.1600000000001,266.0536349393051,9.66097926681031,synced
3105.0,-724.2,266.0936349393051,9.686640067001374,synced
3106.0,-724.24,266.133634939305,9.744474184477102,synced
3107.0,-724.2800000000001,266.1736349393051,9.787968654212165,synced
3108.0,-724.32,266.2136349393051,9.853621927085277,synced
3109.0,-724.3600000000001,266.25363493930513,9.825800727775835,synced
3110.0,-724.4000000000001,266.2936349393051,9.726651796632012,synced
3111.0,-724.4399999999999,266.333634939305,9.784658223736088,synced
3112.0,-724.48,266.373634939305,9.834630438246727,synced
3113.0,-724.5200000000001,266.4136349393051,9.836469958773076,synced
3114.0,-724.5600000000001,266.4536349393051,9.757638497251865,synced
3115.0,-724.6,266.4936349393051,9.777796519639171,synced
3116.0,-724.6400000000001,266.5336349393051,9.856473780707198,synced
3117.0,-724.68,266.573634939305,9.864150879876355,synced
3118.0,-724.72,266.6136349393051,9.780092324816248,synced
3119.0,-724.7600000000001,266.6536349393051,9.871914933703874,synced
3120.0,-724.8000000000001,266.6936349393051,9.895022771067907,synced
3121.0,-724.84,266.7336349393051,9.918929474357686,synced
3122.0,-724.88,266.773634939305,9.981648851676184,synced
3123.0,-724.92,266.813634939305,10.14844358950917,synced
3124.0,-724.96,266.8536349393051,10.168831942151012,synced
3125.0,-725.0000000000001,266.8936349393051,10.184965425187098,synced
3126.0,-725.04,266.9336349393051,10.218321508821848,synced
3127.0,-725.08,266.9736349393051,10.217965641500681,synced
3128.0,-725.12,267.013634939305,10.260644142940256,synced
3129.0,-725.1600000000001,267.0536349393051,10.2847883353826,synced
3130.0,-725.2,267.0936349393051,10.26003558817079,synced
3131.0,-725.2400000000001,267.1336349393051,10.248283203552312,synced
3132.0,-725.2800000000001,267.1736349393051,10.29927436112754,synced
3133.0,-725.32,267.2136349393051,10.273777990371102,synced
3134.0,-725.36,267.253634939305,10.295434021530214,synced
3135.0,-725.4000000000001,267.2936349393051,10.225608068643588,synced
3136.0,-725.44,267.3336349393051,10.22987510658513,synced
3137.0,-725.48,267.3736349393051,10.263396278254234,synced
3138.0,-725.5200000000001,267.4136349393051,10.310237990686645,synced
3139.0,-725.56,267.453634939305,10.31504833593322,synced
3140.0,-725.6,267.4936349393051,10.325729465165413,synced
3141.0,-725.6400000000001,267.5336349393051,10.360897485409692,synced
3142.0,-725.6800000000001,267.5736349393051,10.350344857617655,synced
3143.0,-725.72,267.6136349393051,10.380350182848108,synced
3144.0,-725.7600000000001,267.6536349393051,10.420581501232483,synced
3145.0,-725.8,267.693634939305,10.51863359131433,synced
3146.0,-725.84,267.7336349393051,10.506847107958794,synced
3147.0,-725.8800000000001,267.7736349393051,10.513271646609535,synced
3148.0,-725.92,267.813634939305,10.432030829904404,synced
3149.0,-725.96,267.8536349393051,10.522471384392329,synced
3150.0,-726.0,267.893634939305,10.509913226279476,synced
3151.0,-726.04,267.9336349393051,10.58059435200609,synced
3152.0,-726.08,267.9736349393051,10.473979828575008,synced
3153.0,-726.1200000000001,268.0136349393051,10.409572148522672,synced
3154.0,-726.1600000000001,268.0536349393051,10.335046016192617,synced
3155.0,-726.2,268.0936349393051,10.343232263710366,synced
3156.0,-726.24,268.133634939305,10.367527588003856,synced
3157.0,-726.2800000000001,268.1736349393051,10.272204702711951,synced
3158.0,-726.32,268.2136349393051,10.296339427229185,synced
3159.0,-726.36,268.253634939305,10.27986745778875,synced
3160.0,-726.4000000000001,268.2936349393051,10.321882185833298,synced
3161.0,-726.4399999999999,268.333634939305,10.364908000919382,synced
3162.0,-726.48,268.3736349393051,10.27994043396896,synced
3163.0,-726.5200000000001,268.4136349393051,10.251418988521333,synced
3164.0,-726.5600000000001,268.4536349393051,10.230235719696058,synced
3165.0,-726.6,268.4936349393051,10.229325551765033,synced
3166.0,-726.6400000000001,268.5336349393051,10.299356525959924,synced
3167.0,-726.68,268.573634939305,10.338198950768152,synced
3168.0,-726.72,268.6136349393051,10.42163905382576,synced
3169.0,-726.7600000000001,268.6536349393051,10.379386070079821,synced
3170.0,-726.8000000000001,268.6936349393051,10.234359369187263,synced
3171.0,-726.84,268.7336349393051,10.328099874996056,synced
3172.0,-726.8800000000001,268.7736349393051,10.250215925733496,synced
3173.0,-726.92,268.813634939305,10.259342428842078,synced
3174.0,-726.96,268.8536349393051,10.166863410279392,synced
3175.0,-727.0000000000001,268.8936349393051,10.090376958492131,synced
3176.0,-727.04,268.9336349393051,10.194415681231472,synced
3177.0,-727.08,268.9736349393051,10.2518820843861,synced
3178.0,-727.12,269.013634939305,10.224736798949973,synced
3179.0,-727.1600000000001,269.0536349393051,10.222021366624867,synced
3180.0,-727.2,269.0936349393051,10.13500659440314,synced
3181.0,-727.2400000000001,269.1336349393051,10.180808651575557,synced
3182.0,-727.2800000000001,269.1736349393051,10.18545637292867,synced
3183.0,-727.32,269.2136349393051,10.294321339562096,synced
3184.0,-727.36,269.253634939305,10.324975806361824,synced
3185.0,-727.4000000000001,269.2936349393051,10.32554514079964,synced
3186.0,-727.44,269.3336349393051,10.311389118876413,synced
3187.0,-727.48,269.3736349393051,10.331775485174388,synced
3188.0,-727.5200000000001,269.4136349393051,10.273276792844621,synced
3189.0,-727.56,269.453634939305,10.260057740251959,synced
3190.0,-727.6,269.4936349393051,10.194486554204074,synced
3191.0,-727.6400000000001,269.5336349393051,10.188442050384495,synced
3192.0,-727.6800000000001,269.5736349393051,10.120682583395268,synced
3193.0,-727.72,269.6136349393051,10.11045991402748,synced
3194.0,-727.7600000000001,269.6536349393051,10.10983579259328,synced
3195.0,-727.8,269.693634939305,10.064307219816659,synced
3196.0,-727.84,269.7336349393051,10.083671691815344,synced
3197.0,-727.8800000000001,269.7736349393051,10.099738168422245,synced
3198.0,-727.92,269.8136349393051,10.047152727811426,synced
3199.0,-727.96,269.8536349393051,9.983421843090756,synced
3200.0,-728.0,269.893634939305,9.945020291126983,synced
3201.0,-728.04,269.9336349393051,10.043400904699574,synced
3202.0,-728.08,269.9736349393051,9.997228370111412,synced
3203.0,-728.1200000000001,270.0136349393051,10.014696018391888,synced
3204.0,-728.1600000000001,270.0536349393051,10.009339052630018,synced
3205.0,-728.2,270.0936349393051,10.076147033375559,synced
3206.0,-728.24,270.133634939305,10.13060013251177,synced
3207.0,-728.2800000000001,270.1736349393051,10.170516318746659,synced
3208.0,-728.32,270.2136349393051,10.087890585838366,synced
3209.0,-728.36,270.253634939305,10.221094048019408,synced
3210.0,-728.4000000000001,270.2936349393051,10.239988126840016,synced
3211.0,-728.4399999999999,270.333634939305,10.175168712232118,synced
3212.0,-728.48,270.3736349393051,10.240148838832951,synced
3213.0,-728.5200000000001,270.4136349393051,10.264152137957062,synced
3214.0,-728.5600000000001,270.4536349393051,10.32717412564621,synced
3215.0,-728.6,270.4936349393051,10.33506066391665,synced
3216.0,-728.6400000000001,270.5336349393051,10.302495272626611,synced
3217.0,-728.68,270.573634939305,10.335513322486388,synced
3218.0,-728.72,270.6136349393051,10.300929188448936,synced
3219.0,-728.7600000000001,270.6536349393051,10.29772989936073,synced
3220.0,-728.8,270.693634939305,10.306347029922058,synced
3221.0,-728.84,270.7336349393051,10.27132085940574,synced
3222.0,-728.8800000000001,270.7736349393051,10.185117320796632,synced
3223.0,-728.92,270.8136349393051,10.153839338861491,synced
3224.0,-728.96,270.8536349393051,10.17647184647197,synced
3225.0,-729.0000000000001,270.8936349393051,10.161641000035582,synced
3226.0,-729.0400000000001,270.9336349393051,10.22090437487444,synced
3227.0,-729.08,270.9736349393051,10.273294270838896,synced
3228.0,-729.12,271.013634939305,10.350619691245399,synced
3229.0,-729.1600000000001,271.0536349393051,10.252052657067523,synced
3230.0,-729.2,271.0936349393051,10.22295621721181,synced
3231.0,-729.2400000000001,271.1336349393051,10.336179090982167,synced
3232.0,-729.2800000000001,271.1736349393051,10.233023272849028,synced
3233.0,-729.32,271.2136349393051,10.234548697295898,synced
3234.0,-729.36,271.253634939305,10.301629362088228,synced
3235.0,-729.4000000000001,271.2936349393051,10.256855788947195,synced
3236.0,-729.44,271.3336349393051,10.197921534409016,synced
3237.0,-729.48,271.3736349393051,10.305742552088827,synced
3238.0,-729.5200000000001,271.4136349393051,10.27157325890471,synced
3239.0,-729.56,271.453634939305,10.181434412165903,synced
3240.0,-729.6,271.4936349393051,10.081842264633156,synced
3241.0,-729.6400000000001,271.5336349393051,10.012221741230288,synced
3242.0,-729.6800000000001,271.5736349393051,9.991424986627862,synced
3243.0,-729.72,271.6136349393051,9.907441906009119,synced
3244.0,-729.7600000000001,271.6536349393051,9.997347563697412,synced
3245.0,-729.8,271.693634939305,10.047830070678776,synced
3246.0,-729.84,271.7336349393051,10.07665592246032,synced
3247.0,-729.8800000000001,271.7736349393051,10.129680453381695,synced
3248.0,-729.92,271.8136349393051,10.11899174900821,synced
3249.0,-729.96,271.8536349393051,10.012539344021022,synced
3250.0,-730.0,271.893634939305,9.991409643499205,synced
3251.0,-730.0400000000001,271.9336349393051,9.976830862060137,synced
3252.0,-730.08,271.9736349393051,9.962151365801585,synced
3253.0,-730.1200000000001,272.0136349393051,9.856335163158981,synced
3254.0,-730.1600000000001,272.0536349393051,9.88299517852187,synced
3255.0,-730.2,272.0936349393051,9.893714243488837,synced
3256.0,-730.24,272.133634939305,9.832745676018773,synced
3257.0,-730.2800000000001,272.1736349393051,9.827317757781895,synced
3258.0,-730.32,272.2136349393051,9.902469176691575,synced
3259.0,-730.36,272.2536349393051,9.915335316002638,synced
3260.0,-730.4000000000001,272.2936349393051,9.962543319578465,synced
3261.0,-730.4399999999999,272.333634939305,10.079508419066796,synced
3262.0,-730.48,272.3736349393051,10.018047190313961,synced
3263.0,-730.5200000000001,272.4136349393051,9.993283583126455,synced
3264.0,-730.5600000000001,272.4536349393051,10.058256531003451,synced
3265.0,-730.6,272.4936349393051,10.02096940764341,synced
3266.0,-730.6400000000001,272.5336349393051,10.030419197562534,synced
3267.0,-730.68,272.573634939305,10.042554606288334,synced
3268.0,-730.72,272.6136349393051,10.081047659167286,synced
3269.0,-730.7600000000001,272.6536349393051,10.074843218679796,synced
3270.0,-730.8,272.693634939305,10.124043797334558,synced
3271.0,-730.84,272.7336349393051,10.057040837085363,synced
3272.0,-730.8800000000001,272.7736349393051,10.159088541599859,synced
3273.0,-730.92,272.8136349393051,10.167772259128904,synced
3274.0,-730.96,272.8536349393051,10.128924590734002,synced
3275.0,-731.0000000000001,272.8936349393051,10.159972650620631,synced
3276.0,-731.0400000000001,272.9336349393051,10.074336997623167,synced
3277.0,-731.08,272.9736349393051,10.1079796859066,synced
3278.0,-731.12,273.013634939305,10.157812207293393,synced
3279.0,-731.1600000000001,273.0536349393051,10.080439147622133,synced
3280.0,-731.2,273.0936349393051,10.024915919306432,synced
3281.0,-731.2400000000001,273.1336349393051,9.936972734953642,synced
3282.0,-731.2800000000001,273.1736349393051,9.837402179080357,synced
3283.0,-731.32,273.2136349393051,9.817902949457391,synced
3284.0,-731.36,273.2536349393051,9.859329363961278,synced
3285.0,-731.4000000000001,273.2936349393051,9.915428541571458,synced
3286.0,-731.44,273.3336349393051,9.941241886543995,synced
3287.0,-731.48,273.3736349393051,10.040492764409436,synced
3288.0,-731.5200000000001,273.4136349393051,10.046729125693377,synced
3289.0,-731.56,273.453634939305,9.981573073034266,synced
3290.0,-731.6,273.4936349393051,10.065348172371813,synced
3291.0,-731.6400000000001,273.5336349393051,10.149612168871336,synced
3292.0,-731.6800000000001,273.5736349393051,10.18050268085502,synced
3293.0,-731.72,273.6136349393051,10.149372566648275,synced
3294.0,-731.7600000000001,273.6536349393051,10.194083904363605,synced
3295.0,-731.8,273.693634939305,10.222304746910215,synced
3296.0,-731.84,273.7336349393051,10.164612494663494,synced
3297.0,-731.8800000000001,273.7736349393051,10.243521657169463,synced
3298.0,-731.92,273.8136349393051,10.181672892264459,synced
3299.0,-731.96,273.8536349393051,10.23249142471494,synced
3300.0,-732.0,273.893634939305,10.092052579170453,synced
3301.0,-732.0400000000001,273.9336349393051,10.09958724849891,synced
3302.0,-732.08,273.9736349393051,10.119864392422407,synced
3303.0,-732.1200000000001,274.0136349393051,10.117849637255594,synced
3304.0,-732.1600000000001,274.0536349393051,10.228675870284754,synced
3305.0,-732.2,274.0936349393051,10.187448506214668,synced
3306.0,-732.24,274.133634939305,10.173477045861134,synced
3307.0,-732.2800000000001,274.1736349393051,10.190650679055224,synced
3308.0,-732.32,274.2136349393051,10.161272506219788,synced
3309.0,-732.36,274.2536349393051,10.046448567423539,synced
3310.0,-732.4000000000001,274.2936349393051,10.126010779028638,synced
3311.0,-732.4399999999999,274.333634939305,10.135856814473376,synced
3312.0,-732.48,274.3736349393051,10.097824211986905,synced
3313.0,-732.5200000000001,274.4136349393051,9.944450606822475,synced
3314.0,-732.5600000000001,274.4536349393051,9.920124928594177,synced
3315.0,-732.6,274.4936349393051,9.90193357240532,synced
3316.0,-732.6400000000001,274.5336349393051,9.862194653270873,synced
3317.0,-732.68,274.573634939305,9.861120212889208,synced
3318.0,-732.72,274.6136349393051,9.820916768864652,synced
3319.0,-732.7600000000001,274.6536349393051,9.87348659808096,synced
3320.0,-732.8,274.69363493930507,9.900165179511088,synced
3321.0,-732.84,274.7336349393051,9.903509920726862,synced
3322.0,-732.88,274.773634939305,9.937523480484156,synced
3323.0,-732.9200000000001,274.8136349393051,9.916178027313816,synced
3324.0,-732.96,274.8536349393051,9.99631358396913,synced
3325.0,-733.0000000000001,274.8936349393051,10.016184833227415,synced
3326.0,-733.0400000000001,274.9336349393051,9.995600512642921,synced
3327.0,-733.08,274.9736349393051,9.991878430439026,synced
3328.0,-733.12,275.013634939305,10.03299492012555,synced
3329.0,-733.1600000000001,275.0536349393051,10.097066192852001,synced
3330.0,-733.2,275.0936349393051,10.101041218709582,synced
3331.0,-733.24,275.133634939305,10.086603042832376,synced
3332.0,-733.2800000000001,275.1736349393051,10.074188971807562,synced
3333.0,-733.32,275.2136349393051,10.190403376632906,synced
3334.0,-733.36,275.2536349393051,10.151378422472824,synced
3335.0,-733.4000000000001,275.2936349393051,10.086806537377925,synced
3336.0,-733.44,275.3336349393051,10.132456518006649,synced
3337.0,-733.48,275.3736349393051,10.108028403400526,synced
3338.0,-733.5200000000001,275.4136349393051,10.182604006023999,synced
3339.0,-733.56,275.453634939305,10.201691564776795,synced
3340.0,-733.6,275.4936349393051,10.135906941072136,synced
3341.0,-733.6400000000001,275.5336349393051,10.152334217192859,synced
3342.0,-733.6800000000001,275.5736349393051,10.13751701356236,synced
3343.0,-733.72,275.6136349393051,10.174250977694864,synced
3344.0,-733.7600000000001,275.6536349393051,10.140154327938355,synced
3345.0,-733.8,275.69363493930507,10.241359437964226,synced
3346.0,-733.84,275.7336349393051,10.28727925957551,synced
3347.0,-733.8800000000001,275.7736349393051,10.358917587408367,synced
3348.0,-733.9200000000001,275.8136349393051,10.336721010264394,synced
3349.0,-733.96,275.8536349393051,10.322264416055216,synced
3350.0,-734.0,275.893634939305,10.303981754565484,synced
3351.0,-734.0400000000001,275.9336349393051,10.218847774700057,synced
3352.0,-734.08,275.9736349393051,10.208432093901543,synced
3353.0,-734.1200000000001,276.0136349393051,10.10278555253985,synced
3354.0,-734.1600000000001,276.0536349393051,10.041904276125834,synced
3355.0,-734.2,276.0936349393051,10.021926019211147,synced
3356.0,-734.24,276.133634939305,9.946779872021306,synced
3357.0,-734.2800000000001,276.1736349393051,9.957826445217034,synced
3358.0,-734.32,276.2136349393051,9.908991390146449,synced
3359.0,-734.36,276.2536349393051,10.008958781282274,synced
3360.0,-734.4000000000001,276.2936349393051,9.934371520744056,synced
3361.0,-734.4399999999999,276.333634939305,9.932331903572011,synced
3362.0,-734.48,276.3736349393051,9.897725200713525,synced
3363.0,-734.5200000000001,276.4136349393051,10.04514056615957,synced
3364.0,-734.5600000000001,276.4536349393051,10.135879526416813,synced
3365.0,-734.6,276.4936349393051,10.179602062227012,synced
3366.0,-734.6400000000001,276.5336349393051,10.1281552646727,synced
3367.0,-734.68,276.573634939305,10.108483860123307,synced
3368.0,-734.72,276.6136349393051,9.973463183691077,synced
3369.0,-734.7600000000001,276.6536349393051,9.896092074527463,synced
3370.0,-734.8,276.69363493930507,9.932973252271715,synced
3371.0,-734.84,276.7336349393051,10.003838465413528,synced
3372.0,-734.88,276.773634939305,9.98231102756819,synced
3373.0,-734.9200000000001,276.8136349393051,9.975171176122345,synced
3374.0,-734.96,276.8536349393051,9.998772309059989,synced
3375.0,-735.0000000000001,276.8936349393051,10.041908203025308,synced
3376.0,-735.0400000000001,276.9336349393051,10.078561464612168,synced
3377.0,-735.08,276.9736349393051,10.048876214928114,synced
3378.0,-735.12,277.013634939305,9.966400890152439,synced
3379.0,-735.1600000000001,277.0536349393051,9.905508233238214,synced
3380.0,-735.2,277.0936349393051,9.931018757474043,synced
3381.0,-735.24,277.13363493930507,9.947578151242142,synced
3382.0,-735.2800000000001,277.1736349393051,9.97245231522015,synced
3383.0,-735.32,277.2136349393051,9.963031220067142,synced
3384.0,-735.36,277.2536349393051,9.99685729807398,synced
3385.0,-735.4000000000001,277.2936349393051,10.029635310886075,synced
3386.0,-735.44,277.3336349393051,10.005586928780176,synced
3387.0,-735.48,277.3736349393051,9.988173892457874,synced
3388.0,-735.5200000000001,277.4136349393051,9.938449975981701,synced
3389.0,-735.56,277.453634939305,10.029311211747993,synced
3390.0,-735.6,277.4936349393051,10.120577529219243,synced
3391.0,-735.6400000000001,277.5336349393051,10.177585670399946,synced
3392.0,-735.6800000000001,277.5736349393051,10.164699212303564,synced
3393.0,-735.72,277.6136349393051,10.231374848888919,synced
3394.0,-735.7600000000001,277.6536349393051,10.290491325682162,synced
3395.0,-735.8,277.69363493930507,10.312514155933151,synced
3396.0,-735.84,277.7336349393051,10.442598736152163,synced
3397.0,-735.8800000000001,277.7736349393051,10.431815080694683,synced
3398.0,-735.9200000000001,277.8136349393051,10.478012700646634,synced
3399.0,-735.96,277.8536349393051,10.439102911388943,synced
3400.0,-736.0,277.893634939305,10.333734308837661,synced
3401.0,-736.0400000000001,277.9336349393051,10.34216908510388,synced
3402.0,-736.08,277.9736349393051,10.368710759826483,synced
3403.0,-736.1200000000001,278.0136349393051,10.405220723175624,synced
3404.0,-736.1600000000001,278.0536349393051,10.428393510416134,synced
3405.0,-736.2,278.0936349393051,10.43489719884294,synced
3406.0,-736.24,278.13363493930507,10.487781641010606,synced
3407.0,-736.2800000000001,278.1736349393051,10.496240260826294,synced
3408.0,-736.32,278.2136349393051,10.544598026031027,synced
3409.0,-736.36,278.2536349393051,10.513289384324498,synced
3410.0,-736.4000000000001,278.2936349393051,10.378449100498344,synced
3411.0,-736.4399999999999,278.333634939305,10.25989269941585,synced
3412.0,-736.48,278.3736349393051,10.146252542000855,synced
3413.0,-736.5200000000001,278.4136349393051,10.163442984113313,synced
3414.0,-736.5600000000001,278.4536349393051,10.106978131158684,synced
3415.0,-736.6,278.4936349393051,9.970752583710386,synced
3416.0,-736.6400000000001,278.5336349393051,9.963762714178648,synced
3417.0,-736.68,278.573634939305,10.018699953790122,synced
3418.0,-736.72,278.6136349393051,9.910832870224095,synced
3419.0,-736.7600000000001,278.6536349393051,9.890775552420461,synced
3420.0,-736.8,278.69363493930507,9.907628076011088,synced
3421.0,-736.84,278.7336349393051,9.883093102168061,synced
3422.0,-736.88,278.773634939305,9.885238882105686,synced
3423.0,-736.9200000000001,278.8136349393051,9.900427790039302,synced
3424.0,-736.96,278.8536349393051,9.96063958101745,synced
3425.0,-737.0000000000001,278.8936349393051,9.960659545592554,synced
3426.0,-737.0400000000001,278.9336349393051,9.884857264532588,synced
3427.0,-737.08,278.9736349393051,9.884933262811145,synced
3428.0,-737.12,279.013634939305,9.83914659018048,synced
3429.0,-737.1600000000001,279.0536349393051,9.888498737055995,synced
3430.0,-737.2,279.0936349393051,9.960301142693307,synced
3431.0,-737.24,279.13363493930507,9.997676161597525,synced
3432.0,-737.2800000000001,279.1736349393051,9.979757000714628,synced
3433.0,-737.3199999999999,279.213634939305,9.977529820712094,synced
3434.0,-737.36,279.2536349393051,9.981309396770222,synced
3435.0,-737.4000000000001,279.2936349393051,9.902601537444378,synced
3436.0,-737.44,279.3336349393051,10.019506043138172,synced
3437.0,-737.48,279.3736349393051,9.963748680283935,synced
3438.0,-737.5200000000001,279.4136349393051,9.965833484900987,synced
3439.0,-737.56,279.453634939305,9.829578410508022,synced
3440.0,-737.6,279.4936349393051,9.8799470697013,synced
3441.0,-737.6400000000001,279.5336349393051,9.90638600415017,synced
3442.0,-737.6800000000001,279.5736349393051,10.022496003315396,synced
3443.0,-737.72,279.6136349393051,10.040636107385925,synced
3444.0,-737.7600000000001,279.6536349393051,10.089301954142593,synced
3445.0,-737.8,279.69363493930507,10.127235361363173,synced
3446.0,-737.84,279.7336349393051,10.036899454565429,synced
3447.0,-737.8800000000001,279.7736349393051,10.086661454856705,synced
3448.0,-737.9200000000001,279.8136349393051,10.118019953267554,synced
3449.0,-737.96,279.8536349393051,10.180154344363036,synced
3450.0,-738.0,279.893634939305,10.225129663043454,synced
3451.0,-738.0400000000001,279.9336349393051,10.206581324473273,synced
3452.0,-738.08,279.9736349393051,10.224415676463705,synced
3453.0,-738.1200000000001,280.0136349393051,10.231634552992919,synced
3454.0,-738.1600000000001,280.0536349393051,10.268871750257812,synced
3455.0,-738.2,280.0936349393051,10.292582597045353,synced
3456.0,-738.24,280.13363493930507,10.294233891391169,synced
3457.0,-738.2800000000001,280.1736349393051,10.268971372237479,synced
3458.0,-738.32,280.2136349393051,10.310680907650305,synced
3459.0,-738.36,280.2536349393051,10.297898094591918,synced
3460.0,-738.4000000000001,280.2936349393051,10.332080012816714,synced
3461.0,-738.4399999999999,280.333634939305,10.293251908973232,synced
3462.0,-738.48,280.3736349393051,10.282187971232037,synced
3463.0,-738.5200000000001,280.4136349393051,10.365871170660569,synced
3464.0,-738.5600000000001,280.4536349393051,10.281428619929311,synced
3465.0,-738.6,280.4936349393051,10.203039590610752,synced
3466.0,-738.6400000000001,280.5336349393051,10.12836085508062,synced
3467.0,-738.68,280.57363493930507,10.098890141289619,synced
3468.0,-738.72,280.6136349393051,10.199758926713542,synced
3469.0,-738.7600000000001,280.6536349393051,10.129509820111405,synced
3470.0,-738.8000000000001,280.69363493930507,10.210024455051814,synced
3471.0,-738.84,280.7336349393051,10.194908806693824,synced
3472.0,-738.88,280.773634939305,10.120952295055275,synced
3473.0,-738.9200000000001,280.8136349393051,10.097510837265178,synced
3474.0,-738.96,280.8536349393051,10.092077622839923,synced
3475.0,-739.0000000000001,280.8936349393051,10.018144741077762,synced
3476.0,-739.0400000000001,280.9336349393051,9.989173173156395,synced
3477.0,-739.08,280.9736349393051,10.13328916361833,synced
3478.0,-739.12,281.013634939305,10.177412958127462,synced
3479.0,-739.1600000000001,281.0536349393051,10.142497183730391,synced
3480.0,-739.2,281.0936349393051,10.051791982292336,synced
3481.0,-739.24,281.13363493930507,10.050345566571139,synced
3482.0,-739.2800000000001,281.1736349393051,9.988079651237381,synced
3483.0,-739.3199999999999,281.213634939305,9.952586805968554,synced
3484.0,-739.36,281.2536349393051,9.987848651278552,synced
3485.0,-739.4000000000001,281.2936349393051,9.901989026771197,synced
3486.0,-739.44,281.3336349393051,9.841902530586033,synced
3487.0,-739.48,281.3736349393051,9.84128753408231,synced
3488.0,-739.5200000000001,281.4136349393051,9.868073618236162,synced
3489.0,-739.56,281.453634939305,9.885627983256096,synced
3490.0,-739.6,281.4936349393051,9.948813225585607,synced
3491.0,-739.6400000000001,281.5336349393051,9.993814560974146,synced
3492.0,-739.68,281.57363493930507,10.002890950386423,synced
3493.0,-739.72,281.6136349393051,9.99143884264031,synced
3494.0,-739.7600000000001,281.6536349393051,9.99171854292602,synced
3495.0,-739.8000000000001,281.69363493930507,9.98832813078776,synced
3496.0,-739.84,281.7336349393051,10.104693454936807,synced
3497.0,-739.8800000000001,281.7736349393051,10.051751614232995,synced
3498.0,-739.9200000000001,281.8136349393051,10.064885304486904,synced
3499.0,-739.96,281.8536349393051,10.071770867010388,synced
3500.0,-740.0,281.893634939305,10.080126759965612,synced
3501.0,-740.0400000000001,281.9336349393051,10.055620686829636,synced
3502.0,-740.08,281.9736349393051,10.126435128694379,synced
3503.0,-740.1200000000001,282.0136349393051,10.150951621194837,synced
3504.0,-740.1600000000001,282.0536349393051,10.153391088271956,synced
3505.0,-740.2,282.0936349393051,10.221708808054064,synced
3506.0,-740.24,282.13363493930507,10.257748106831443,synced
3507.0,-740.2800000000001,282.1736349393051,10.313241458326017,synced
3508.0,-740.32,282.2136349393051,10.407915195559614,synced
3509.0,-740.36,282.2536349393051,10.379472518570743,synced
3510.0,-740.4000000000001,282.2936349393051,10.385839725341238,synced
3511.0,-740.4399999999999,282.333634939305,10.389052057174109,synced
3512.0,-740.48,282.3736349393051,10.416924380148739,synced
3513.0,-740.5200000000001,282.4136349393051,10.455242623389038,synced
3514.0,-740.5600000000001,282.4536349393051,10.387297563108078,synced
3515.0,-740.6,282.4936349393051,10.397571895947477,synced
3516.0,-740.6400000000001,282.5336349393051,10.361005022175963,synced
3517.0,-740.68,282.57363493930507,10.292848813590382,synced
3518.0,-740.72,282.6136349393051,10.287995885789769,synced
3519.0,-740.7600000000001,282.6536349393051,10.140841173623238,synced
3520.0,-740.8000000000001,282.69363493930507,10.14435636070299,synced
3521.0,-740.84,282.7336349393051,10.118291380687094,synced
3522.0,-740.88,282.773634939305,10.013030301650128,synced
3523.0,-740.9200000000001,282.8136349393051,10.046711591253699,synced
3524.0,-740.96,282.8536349393051,10.096214028047502,synced
3525.0,-741.0000000000001,282.8936349393051,10.029304096776936,synced
3526.0,-741.0400000000001,282.9336349393051,10.030142560869205,synced
3527.0,-741.08,282.9736349393051,10.0884897658986,synced
3528.0,-741.12,283.01363493930506,10.153166472912423,synced
3529.0,-741.1600000000001,283.0536349393051,10.101970310037567,synced
3530.0,-741.2,283.0936349393051,10.118757746449102,synced
3531.0,-741.24,283.13363493930507,10.135388921650335,synced
3532.0,-741.2800000000001,283.1736349393051,10.092458654441415,synced
3533.0,-741.3199999999999,283.213634939305,10.057371606020604,synced
3534.0,-741.36,283.2536349393051,10.117871452436255,synced
3535.0,-741.4000000000001,283.2936349393051,10.100715000753379,synced
3536.0,-741.44,283.3336349393051,9.948856337528733,synced
3537.0,-741.48,283.3736349393051,10.05613326785426,synced
3538.0,-741.5200000000001,283.4136349393051,10.05995875812815,synced
3539.0,-741.56,283.453634939305,10.048504403627811,synced
3540.0,-741.6,283.4936349393051,9.958841309987365,synced
3541.0,-741.6400000000001,283.5336349393051,9.884543601946794,synced
3542.0,-741.68,283.57363493930507,9.95058291520101,synced
3543.0,-741.72,283.6136349393051,9.887116267407126,synced
3544.0,-741.7600000000001,283.6536349393051,9.969163406069903,synced
3545.0,-741.8000000000001,283.69363493930507,9.909506886166541,synced
3546.0,-741.84,283.7336349393051,9.861589199368748,synced
3547.0,-741.8800000000001,283.7736349393051,9.82807689979226,synced
3548.0,-741.9200000000001,283.8136349393051,9.857411722604127,synced
3549.0,-741.96,283.8536349393051,9.834982356821452,synced
3550.0,-742.0,283.893634939305,9.888326285236948,synced
3551.0,-742.0400000000001,283.9336349393051,9.892825536421125,synced
3552.0,-742.08,283.9736349393051,9.78186291451777,synced
3553.0,-742.1200000000001,284.0136349393051,9.82814216210237,synced
3554.0,-742.1600000000001,284.0536349393051,9.801183880218778,synced
3555.0,-742.2,284.0936349393051,9.792276310849335,synced
3556.0,-742.24,284.13363493930507,9.84079819396666,synced
3557.0,-742.2800000000001,284.1736349393051,9.824897171930358,synced
3558.0,-742.32,284.2136349393051,9.761240982383402,synced
3559.0,-742.36,284.2536349393051,9.769835718506869,synced
3560.0,-742.4000000000001,284.2936349393051,9.696514097226716,synced
3561.0,-742.4399999999999,284.333634939305,9.730369860674104,synced
3562.0,-742.48,284.3736349393051,9.813567805366574,synced
3563.0,-742.5200000000001,284.4136349393051,9.80222822674881,synced
3564.0,-742.5600000000001,284.4536349393051,9.685071637271614,synced
3565.0,-742.6,284.4936349393051,9.65846716488672,synced
3566.0,-742.6400000000001,284.5336349393051,9.65791313114539,synced
3567.0,-742.6800000000001,284.57363493930507,9.71132763727256,synced
3568.0,-742.72,284.6136349393051,9.772226658042005,synced
3569.0,-742.7600000000001,284.6536349393051,9.831098276433025,synced
3570.0,-742.8000000000001,284.69363493930507,9.795665215450168,synced
3571.0,-742.84,284.7336349393051,9.819596909238504,synced
3572.0,-742.88,284.773634939305,9.800530373511918,synced
3573.0,-742.9200000000001,284.8136349393051,9.874911958630882,synced
3574.0,-742.96,284.8536349393051,9.943585213413652,synced
3575.0,-743.0000000000001,284.8936349393051,9.844388942618188,synced
3576.0,-743.0400000000001,284.9336349393051,9.805385859630533,synced
3577.0,-743.08,284.9736349393051,9.85125114797658,synced
3578.0,-743.12,285.01363493930506,9.900530480588476,synced
3579.0,-743.1600000000001,285.0536349393051,9.841246478516252,synced
3580.0,-743.2,285.0936349393051,9.908202701426006,synced
3581.0,-743.24,285.13363493930507,9.99827792054242,synced
3582.0,-743.2800000000001,285.1736349393051,9.96513668607113,synced
3583.0,-743.3199999999999,285.213634939305,10.071116902035548,synced
3584.0,-743.36,285.2536349393051,10.069142595080072,synced
3585.0,-743.4000000000001,285.2936349393051,10.154434470897922,synced
3586.0,-743.44,285.3336349393051,10.215933545835831,synced
3587.0,-743.48,285.3736349393051,10.150400310578455,synced
3588.0,-743.5200000000001,285.4136349393051,10.070014071758337,synced
3589.0,-743.56,285.45363493930506,10.18056001286749,synced
3590.0,-743.6,285.4936349393051,10.090102594730643,synced
3591.0,-743.6400000000001,285.5336349393051,10.083200037498298,synced
3592.0,-743.6800000000001,285.57363493930507,10.131042861344808,synced
3593.0,-743.72,285.6136349393051,10.132127526224167,synced
3594.0,-743.76,285.653634939305,10.164425405062127,synced
3595.0,-743.8000000000001,285.69363493930507,10.115444334194201,synced
3596.0,-743.84,285.7336349393051,10.150817528102873,synced
3597.0,-743.8800000000001,285.7736349393051,10.210840011118382,synced
3598.0,-743.9200000000001,285.8136349393051,10.273433776279873,synced
3599.0,-743.96,285.8536349393051,10.3613485920101,synced
3600.0,-744.0,285.893634939305,10.254514444304807,synced
